SatPRN,GPSTime,Sat.X,Sat.Y,Sat.Z,Pseudo-Range,CN0,Pos.X,Pos.Y,Pos.Z,Lat,Lon,Alt
G02,2024-05-06 18:25:01.592145+00:00,22723591.72939511,13959688.168225663,2052332.454946511,19076683.188511524,50.9,4717233.868069766,2873982.4931872725,3178551.0730469464,30.084103842301342,31.351931047296734,212.76862784661353
G03,2024-05-06 18:25:01.592145+00:00,12849055.42877992,8970702.029406164,21314293.772942893,18690918.931364037,50.7,4717233.868069766,2873982.4931872725,3178551.0730469464,30.084103842301342,31.351931047296734,212.76862784661353
G04,2024-05-06 18:25:01.592145+00:00,21733452.246478934,3615833.4782846086,14948703.908289563,18605046.9647796,50.3,4717233.868069766,2873982.4931872725,3178551.0730469464,30.084103842301342,31.351931047296734,212.76862784661353
G06,2024-05-06 18:25:01.592145+00:00,4774237.741112384,-14619582.845141783,21698584.772661693,23377329.64803255,50.8,4717233.868069766,2873982.4931872725,3178551.0730469464,30.084103842301342,31.351931047296734,212.76862784661353
G09,2024-05-06 18:25:01.592145+00:00,25265053.492222823,-7269998.7592929825,3896088.6717874957,20828045.24937821,50.9,4717233.868069766,2873982.4931872725,3178551.0730469464,30.084103842301342,31.351931047296734,212.76862784661353
G16,2024-05-06 18:25:01.592145+00:00,1694500.9229459418,24065926.927349925,-10918067.78441674,23532495.14128671,50.7,4717233.868069766,2873982.4931872725,3178551.0730469464,30.084103842301342,31.351931047296734,212.76862784661353
G17,2024-05-06 18:25:01.592145+00:00,21142545.05354461,-13386590.140972022,9554091.79725308,21877368.657396734,51.0,4717233.868069766,2873982.4931872725,3178551.0730469464,30.084103842301342,31.351931047296734,212.76862784661353
G19,2024-05-06 18:25:01.592145+00:00,13787928.195629597,-15257106.007191498,16408243.025372941,22109691.29982623,51.3,4717233.868069766,2873982.4931872725,3178551.0730469464,30.084103842301342,31.351931047296734,212.76862784661353
G21,2024-05-06 18:25:01.592145+00:00,20953708.928065035,16838304.457225822,-3081332.419406667,20213146.911028728,51.3,4717233.868069766,2873982.4931872725,3178551.0730469464,30.084103842301342,31.351931047296734,212.76862784661353
G26,2024-05-06 18:25:01.592145+00:00,-4209358.830929763,25863437.47220014,2722042.6170909735,22567380.46008398,51.1,4717233.868069766,2873982.4931872725,3178551.0730469464,30.084103842301342,31.351931047296734,212.76862784661353
G28,2024-05-06 18:25:01.592145+00:00,-7054727.259673347,13641916.590233773,21657073.468344178,22314220.123061307,51.3,4717233.868069766,2873982.4931872725,3178551.0730469464,30.084103842301342,31.351931047296734,212.76862784661353
G31,2024-05-06 18:25:01.592145+00:00,2888360.55248735,19121233.56972359,17817359.158163007,19847136.83311715,50.6,4717233.868069766,2873982.4931872725,3178551.0730469464,30.084103842301342,31.351931047296734,212.76862784661353
G02,2024-05-06 18:25:02.599145+00:00,22723623.59315066,13959994.29885274,2049174.6590377414,19077036.644682705,51.5,4717233.153055938,2873981.766367298,3178547.9795313845,30.084084167075247,31.351928467860656,210.362363926135
G03,2024-05-06 18:25:02.599145+00:00,12848553.36198871,8973388.90933295,21313483.258025236,18690807.71839979,49.9,4717233.153055938,2873981.766367298,3178547.9795313845,30.084084167075247,31.351928467860656,210.362363926135
G04,2024-05-06 18:25:02.599145+00:00,21731722.49190424,3616615.542646736,14951018.95607353,18604967.219840717,50.6,4717233.153055938,2873981.766367298,3178547.9795313845,30.084084167075247,31.351928467860656,210.362363926135
G06,2024-05-06 18:25:02.599145+00:00,4776355.601854626,-14617852.381233273,21699297.30151068,23376665.00713852,50.5,4717233.153055938,2873981.766367298,3178547.9795313845,30.084084167075247,31.351928467860656,210.362363926135
G09,2024-05-06 18:25:02.599145+00:00,25264692.417209007,-7269547.139939664,3899202.8655209616,20827617.147378553,50.7,4717233.153055938,2873981.766367298,3178547.9795313845,30.084084167075247,31.351928467860656,210.362363926135
G16,2024-05-06 18:25:02.599145+00:00,1693909.1652946733,24067170.99513839,-10915289.107473645,23532061.349255014,51.5,4717233.153055938,2873981.766367298,3178547.9795313845,30.084084167075247,31.351928467860656,210.362363926135
G17,2024-05-06 18:25:02.599145+00:00,21143703.23819369,-13386728.332655251,9551223.035218664,21877493.670006804,50.3,4717233.153055938,2873981.766367298,3178547.9795313845,30.084084167075247,31.351928467860656,210.362363926135
G19,2024-05-06 18:25:02.599145+00:00,13790041.003809191,-15257450.816113953,16406132.218857164,22109583.075177684,50.8,4717233.153055938,2873981.766367298,3178547.9795313845,30.084084167075247,31.351928467860656,210.362363926135
G21,2024-05-06 18:25:02.599145+00:00,20953239.62503887,16838221.263993856,-3084412.967755906,20213615.78028161,52.1,4717233.153055938,2873981.766367298,3178547.9795313845,30.084084167075247,31.351928467860656,210.362363926135
G26,2024-05-06 18:25:02.599145+00:00,-4209730.103225037,25863035.830717724,2725150.1048362614,22567081.859047167,51.6,4717233.153055938,2873981.766367298,3178547.9795313845,30.084084167075247,31.351928467860656,210.362363926135
G28,2024-05-06 18:25:02.599145+00:00,-7056928.108362187,13640262.898321336,21657397.546287853,22314796.621133238,51.3,4717233.153055938,2873981.766367298,3178547.9795313845,30.084084167075247,31.351928467860656,210.362363926135
G31,2024-05-06 18:25:02.599145+00:00,2886469.9505879553,19119870.875357717,17819145.831435233,19847475.297574513,51.0,4717233.153055938,2873981.766367298,3178547.9795313845,30.084084167075247,31.351928467860656,210.362363926135
G02,2024-05-06 18:25:04.419145+00:00,22723680.795036152,13960550.888988419,2043427.3611179518,19077746.156745553,49.9,4717231.375277645,2873982.4223814635,3178546.7162608895,30.084079628268658,31.35194387316166,208.71077986992896
G03,2024-05-06 18:25:04.419145+00:00,12847640.071655601,8978278.845420688,21312006.943425603,18690658.329277903,49.8,4717231.375277645,2873982.4223814635,3178546.7162608895,30.084079628268658,31.35194387316166,208.71077986992896
G04,2024-05-06 18:25:04.419145+00:00,21728573.75031116,3618039.400524065,14955231.532428062,18604896.376608945,49.7,4717231.375277645,2873982.4223814635,3178546.7162608895,30.084079628268658,31.35194387316166,208.71077986992896
G06,2024-05-06 18:25:04.419145+00:00,4780210.561461488,-14614703.134537231,21700592.92418014,23375516.990517896,50.4,4717231.375277645,2873982.4223814635,3178546.7162608895,30.084079628268658,31.35194387316166,208.71077986992896
G09,2024-05-06 18:25:04.419145+00:00,25264034.39780817,-7268724.760571893,3904870.4854070204,20826903.545804016,49.7,4717231.375277645,2873982.4223814635,3178546.7162608895,30.084079628268658,31.35194387316166,208.71077986992896
G16,2024-05-06 18:25:04.419145+00:00,1692832.5617467817,24069434.422535323,-10910231.314271199,23531342.04788927,49.4,4717231.375277645,2873982.4223814635,3178546.7162608895,30.084079628268658,31.35194387316166,208.71077986992896
G17,2024-05-06 18:25:04.419145+00:00,21145810.24561159,-13386979.745027337,9546001.379989777,21877783.15902934,49.1,4717231.375277645,2873982.4223814635,3178546.7162608895,30.084079628268658,31.35194387316166,208.71077986992896
G19,2024-05-06 18:25:04.419145+00:00,13793885.598982763,-15258078.510141732,16402289.629455082,22109462.15680927,49.6,4717231.375277645,2873982.4223814635,3178546.7162608895,30.084079628268658,31.35194387316166,208.71077986992896
G21,2024-05-06 18:25:04.419145+00:00,20952384.666160572,16838069.388224654,-3090019.406239203,20214535.143824656,50.4,4717231.375277645,2873982.4223814635,3178546.7162608895,30.084079628268658,31.35194387316166,208.71077986992896
G26,2024-05-06 18:25:04.419145+00:00,-4210405.791118669,25862303.88812919,2730805.5798690654,22566600.89316838,49.7,4717231.375277645,2873982.4223814635,3178546.7162608895,30.084079628268658,31.35194387316166,208.71077986992896
G28,2024-05-06 18:25:04.419145+00:00,-7060933.982427755,13637253.443621974,21657986.184458483,22315908.13896841,49.9,4717231.375277645,2873982.4223814635,3178546.7162608895,30.084079628268658,31.35194387316166,208.71077986992896
G31,2024-05-06 18:25:04.419145+00:00,2883028.422259843,19117390.66468463,17822396.574059315,19848159.31999661,49.7,4717231.375277645,2873982.4223814635,3178546.7162608895,30.084079628268658,31.35194387316166,208.71077986992896
G02,2024-05-06 18:25:05.419145+00:00,22723711.790431354,13960856.395941367,2040269.4451506585,19078116.40875131,49.6,4717230.720499309,2873978.6528013744,3178546.57593909,30.08408992989898,31.351914015693062,206.45951008237898
G03,2024-05-06 18:25:05.419145+00:00,12847138.5227103,8980965.521413809,21311195.134668734,18690559.401266944,50.0,4717230.720499309,2873978.6528013744,3178546.57593909,30.08408992989898,31.351914015693062,206.45951008237898
G04,2024-05-06 18:25:05.419145+00:00,21726843.34931665,3618822.0152183473,14957545.68943769,18604829.222002164,49.1,4717230.720499309,2873978.6528013744,3178546.57593909,30.08408992989898,31.351914015693062,206.45951008237898
G06,2024-05-06 18:25:05.419145+00:00,4782328.919989837,-14612972.887884699,21701304.156481232,23374863.133858435,50.0,4717230.720499309,2873978.6528013744,3178546.57593909,30.08408992989898,31.351914015693062,206.45951008237898
G09,2024-05-06 18:25:05.419145+00:00,25263672.374637168,-7268272.6662645,3907984.4452370456,20826494.63031876,50.0,4717230.720499309,2873978.6528013744,3178546.57593909,30.08408992989898,31.351914015693062,206.45951008237898
G16,2024-05-06 18:25:05.419145+00:00,1692241.2385092517,24070677.637528285,-10907451.97678931,23530926.534960657,49.4,4717230.720499309,2873978.6528013744,3178546.57593909,30.08408992989898,31.351914015693062,206.45951008237898
G17,2024-05-06 18:25:05.419145+00:00,21146967.453720488,-13387117.830581315,9543132.059418827,21877915.369854227,49.2,4717230.720499309,2873978.6528013744,3178546.57593909,30.08408992989898,31.351914015693062,206.45951008237898
G19,2024-05-06 18:25:05.419145+00:00,13795997.620671038,-15258423.474806137,16400177.810251918,22109368.921897765,49.2,4717230.720499309,2873978.6528013744,3178546.57593909,30.08408992989898,31.351914015693062,206.45951008237898
G21,2024-05-06 18:25:05.419145+00:00,20951914.453904383,16837985.68509088,-3093099.779130648,20215025.59899688,50.4,4717230.720499309,2873978.6528013744,3178546.57593909,30.08408992989898,31.351914015693062,206.45951008237898
G26,2024-05-06 18:25:05.419145+00:00,-4210777.033072672,25861901.197110556,2733912.899681801,22566319.08796614,48.4,4717230.720499309,2873978.6528013744,3178546.57593909,30.08408992989898,31.351914015693062,206.45951008237898
G28,2024-05-06 18:25:05.419145+00:00,-7063135.193016811,13635600.042572765,21658308.961628452,22316502.619489726,49.9,4717230.720499309,2873978.6528013744,3178546.57593909,30.08408992989898,31.351914015693062,206.45951008237898
G31,2024-05-06 18:25:05.419145+00:00,2881137.124938161,19116027.852918986,17824182.145364452,19848515.17359595,49.0,4717230.720499309,2873978.6528013744,3178546.57593909,30.08408992989898,31.351914015693062,206.45951008237898
G02,2024-05-06 18:25:20.420000+00:00,22724139.741837222,13965412.492258802,1992895.637644608,19083355.308383618,50.1,4571189.9626144795,2920463.3289026576,3046230.5462574316,29.485963158426657,32.57388670621039,-151703.25476470124
G03,2024-05-06 18:25:20.420000+00:00,12839637.77327642,9021254.502877994,21298963.70025769,18960323.23616227,44.7,4571189.9626144795,2920463.3289026576,3046230.5462574316,29.485963158426657,32.57388670621039,-151703.25476470124
G06,2024-05-06 18:25:20.420000+00:00,4814125.450227877,-14587028.470996648,21711917.45906805,23364771.438724745,49.9,4571189.9626144795,2920463.3289026576,3046230.5462574316,29.485963158426657,32.57388670621039,-151703.25476470124
G09,2024-05-06 18:25:20.420000+00:00,25258201.702032745,-7261471.005934253,3954683.8492604666,20820005.088100232,50.1,4571189.9626144795,2920463.3289026576,3046230.5462574316,29.485963158426657,32.57388670621039,-151703.25476470124
G17,2024-05-06 18:25:20.420000+00:00,21164281.7075119,-13389184.280472193,9500074.269399839,22479268.14974605,48.3,4571189.9626144795,2920463.3289026576,3046230.5462574316,29.485963158426657,32.57388670621039,-151703.25476470124
G19,2024-05-06 18:25:20.420000+00:00,13827644.450300008,-15263604.536188649,16368457.459100941,22107724.882386673,49.7,4571189.9626144795,2920463.3289026576,3046230.5462574316,29.485963158426657,32.57388670621039,-151703.25476470124
G21,2024-05-06 18:25:20.420000+00:00,20944822.559710518,16836708.475968856,-3139297.8704320365,20221986.777793456,49.7,4571189.9626144795,2920463.3289026576,3046230.5462574316,29.485963158426657,32.57388670621039,-151703.25476470124
G26,2024-05-06 18:25:20.420000+00:00,-4216344.410452144,25855816.17265816,2780515.508102531,22561760.717548788,50.7,4571189.9626144795,2920463.3289026576,3046230.5462574316,29.485963158426657,32.57388670621039,-151703.25476470124
G28,2024-05-06 18:25:20.420000+00:00,-7096168.720474013,13610811.433372185,21663095.262897458,22325059.52393862,49.9,4571189.9626144795,2920463.3289026576,3046230.5462574316,29.485963158426657,32.57388670621039,-151703.25476470124
G31,2024-05-06 18:25:20.420000+00:00,2852738.086163844,19095580.722647406,17850918.79852886,19853545.391323045,50.7,4571189.9626144795,2920463.3289026576,3046230.5462574316,29.485963158426657,32.57388670621039,-151703.25476470124
G02,2024-05-06 18:25:22.417843+00:00,22724191.559619788,13966016.220284514,1986578.4198171531,19084115.583491825,47.9,4571241.504924807,2920484.3335395628,3046370.9154401664,29.48684342181369,32.57378056364748,-151586.5101946937
G03,2024-05-06 18:25:22.417843+00:00,12838640.733930632,9026625.448193217,21297324.948126104,18960047.447467923,46.4,4571241.504924807,2920484.3335395628,3046370.9154401664,29.48684342181369,32.57378056364748,-151586.5101946937
G06,2024-05-06 18:25:22.417843+00:00,4818367.978885845,-14583570.536527269,21713324.74692916,23363486.51539019,48.2,4571241.504924807,2920484.3335395628,3046370.9154401664,29.48684342181369,32.57378056364748,-151586.5101946937
G09,2024-05-06 18:25:22.417843+00:00,25257466.569484957,-7260561.245638519,3960909.0128022484,20819202.255591873,48.2,4571241.504924807,2920484.3335395628,3046370.9154401664,29.48684342181369,32.57378056364748,-151586.5101946937
G17,2024-05-06 18:25:22.417843+00:00,21166584.693144504,-13389459.192623883,9494329.111257097,22479571.241078343,46.8,4571241.504924807,2920484.3335395628,3046370.9154401664,29.48684342181369,32.57378056364748,-151586.5101946937
G19,2024-05-06 18:25:22.417843+00:00,13831859.277277064,-15264296.27327235,16364221.983695759,22107566.0013579,47.6,4571241.504924807,2920484.3335395628,3046370.9154401664,29.48684342181369,32.57378056364748,-151586.5101946937
G21,2024-05-06 18:25:22.417843+00:00,20943871.48775706,16836535.117334466,-3145456.5455998844,20222973.385633998,48.4,4571241.504924807,2920484.3335395628,3046370.9154401664,29.48684342181369,32.57378056364748,-151586.5101946937
G26,2024-05-06 18:25:22.417843+00:00,-4217086.554842739,25854998.50993528,2786728.162775123,22561214.190907482,47.8,4571241.504924807,2920484.3335395628,3046370.9154401664,29.48684342181369,32.57378056364748,-151586.5101946937
G28,2024-05-06 18:25:22.417843+00:00,-7100575.362066338,13607508.048286468,21663725.59344604,22326261.982724667,47.9,4571241.504924807,2920484.3335395628,3046370.9154401664,29.48684342181369,32.57378056364748,-151586.5101946937
G31,2024-05-06 18:25:22.417843+00:00,2848947.360472855,19092853.74326259,17854477.034671236,19854260.998645388,47.7,4571241.504924807,2920484.3335395628,3046370.9154401664,29.48684342181369,32.57378056364748,-151586.5101946937
G02,2024-05-06 18:25:24.417843+00:00,22724242.143000502,13966619.066643422,1980261.0359239127,19084830.592735212,46.1,4582616.488151232,2897929.8231278076,3148341.179398731,30.312074851143752,32.30821694872605,-102921.60668127052
G03,2024-05-06 18:25:24.417843+00:00,12837644.428912194,9031996.09920483,21295684.362066563,18959760.255056288,40.6,4582616.488151232,2897929.8231278076,3148341.179398731,30.312074851143752,32.30821694872605,-102921.60668127052
G04,2024-05-06 18:25:24.417843+00:00,21693925.19462739,3633727.47510692,15001450.679201197,19111377.497929003,38.4,4582616.488151232,2897929.8231278076,3148341.179398731,30.312074851143752,32.30821694872605,-102921.60668127052
G06,2024-05-06 18:25:24.417843+00:00,4822611.210619459,-14580112.91395404,21714730.19475143,23362162.320340607,45.9,4582616.488151232,2897929.8231278076,3148341.179398731,30.312074851143752,32.30821694872605,-102921.60668127052
G09,2024-05-06 18:25:24.417843+00:00,25256730.09419783,-7259650.808362006,3967133.840338243,20818351.452434942,46.2,4582616.488151232,2897929.8231278076,3148341.179398731,30.312074851143752,32.30821694872605,-102921.60668127052
G16,2024-05-06 18:25:24.417843+00:00,1681035.8682431383,24094240.029714137,-10854602.772037998,23806855.872678842,36.3,4582616.488151232,2897929.8231278076,3148341.179398731,30.312074851143752,32.30821694872605,-102921.60668127052
G17,2024-05-06 18:25:24.417843+00:00,21168886.29275059,-13389733.950186476,9488583.164772756,22479829.36319952,45.5,4582616.488151232,2897929.8231278076,3148341.179398731,30.312074851143752,32.30821694872605,-102921.60668127052
G19,2024-05-06 18:25:24.417843+00:00,13836072.98578444,-15264988.227790244,16359985.07493207,22107372.33332007,45.9,4582616.488151232,2897929.8231278076,3148341.179398731,30.312074851143752,32.30821694872605,-102921.60668127052
G21,2024-05-06 18:25:24.417843+00:00,20942919.124317184,16836361.038887087,-3151614.967892072,20223920.12845212,46.2,4582616.488151232,2897929.8231278076,3148341.179398731,30.312074851143752,32.30821694872605,-102921.60668127052
G26,2024-05-06 18:25:24.417843+00:00,-4217828.659917789,25854179.35873629,2792940.574867232,22560618.794931393,46.3,4582616.488151232,2897929.8231278076,3148341.179398731,30.312074851143752,32.30821694872605,-102921.60668127052
G28,2024-05-06 18:25:24.417843+00:00,-7104982.513646742,13604205.078835998,21664354.07847659,22327427.569200628,46.1,4582616.488151232,2897929.8231278076,3148341.179398731,30.312074851143752,32.30821694872605,-102921.60668127052
G31,2024-05-06 18:25:24.417843+00:00,2845155.649964761,19090126.60158876,17858033.705140613,19854948.42386608,46.2,4582616.488151232,2897929.8231278076,3148341.179398731,30.312074851143752,32.30821694872605,-102921.60668127052
G02,2024-05-06 18:25:25.417843+00:00,22724266.971697353,13966920.159244644,1977102.2823849928,19085220.327909075,45.3,4582611.692961269,2897917.812059713,3148323.299167981,30.311981781451617,32.30813675733103,-102939.67172081489
G03,2024-05-06 18:25:25.417843+00:00,12837146.55176783,9034681.314184522,21294863.381355878,18959610.965716932,38.9,4582611.692961269,2897917.812059713,3148323.299167981,30.311981781451617,32.30813675733103,-102939.67172081489
G04,2024-05-06 18:25:25.417843+00:00,21692190.221312527,3634513.9976990595,15003758.509144068,19111252.4871253,37.9,4582611.692961269,2897917.812059713,3148323.299167981,30.311981781451617,32.30813675733103,-102939.67172081489
G06,2024-05-06 18:25:25.417843+00:00,4824733.089767161,-14578384.219974007,21715432.228525974,23361522.25807827,45.5,4582611.692961269,2897917.812059713,3148323.299167981,30.311981781451617,32.30813675733103,-102939.67172081489
G09,2024-05-06 18:25:25.417843+00:00,25256361.353166703,-7259195.335831389,3970246.127390794,20817960.82477788,45.4,4582611.692961269,2897917.812059713,3148323.299167981,30.311981781451617,32.30813675733103,-102939.67172081489
G16,2024-05-06 18:25:25.417843+00:00,1680447.6174641792,24095477.187230535,-10851818.761541056,23806368.70915619,35.0,4582611.692961269,2897917.812059713,3148323.299167981,30.311981781451617,32.30813675733103,-102939.67172081489
G17,2024-05-06 18:25:25.417843+00:00,21170036.572555076,-13389871.270837838,9485709.896557067,22479994.54621083,44.2,4582611.692961269,2897917.812059713,3148323.299167981,30.311981781451617,32.30813675733103,-102939.67172081489
G19,2024-05-06 18:25:25.417843+00:00,13838179.420248065,-15265334.286427747,16357866.083413234,22107298.88695548,45.1,4582611.692961269,2897917.812059713,3148323.299167981,30.311981781451617,32.30813675733103,-102939.67172081489
G21,2024-05-06 18:25:25.417843+00:00,20942442.458319534,16836273.729864042,-3154694.083502881,20224432.178268798,44.7,4582611.692961269,2897917.812059713,3148323.299167981,30.311981781451617,32.30813675733103,-102939.67172081489
G26,2024-05-06 18:25:25.417843+00:00,-4218199.697767761,25853769.225040313,2796046.6892381497,22560354.68424994,45.6,4582611.692961269,2897917.812059713,3148323.299167981,30.311981781451617,32.30813675733103,-102939.67172081489
G28,2024-05-06 18:25:25.417843+00:00,-7107186.280333717,13602553.750253355,21664667.62887404,22328026.848531816,45.2,4582611.692961269,2897917.812059713,3148323.299167981,30.311981781451617,32.30813675733103,-102939.67172081489
G31,2024-05-06 18:25:25.417843+00:00,2843259.4257371575,19088762.970234584,17859811.45289987,19855324.057287227,44.9,4582611.692961269,2897917.812059713,3148323.299167981,30.311981781451617,32.30813675733103,-102939.67172081489
G02,2024-05-06 18:25:26.417843+00:00,22724291.491685446,13967221.03152201,1973943.4877655287,19085621.44935001,46.8,4582619.608629933,2897906.7252826816,3148299.3205820834,30.31178843622458,32.307993031235,-102951.11375626363
G03,2024-05-06 18:25:26.417843+00:00,12836648.858214311,9037366.455293756,21294041.94224426,18959468.272559877,39.4,4582619.608629933,2897906.7252826816,3148299.3205820834,30.31178843622458,32.307993031235,-102951.11375626363
G04,2024-05-06 18:25:26.417843+00:00,21690455.019964643,3635300.715913305,15006066.022167848,19111127.772975303,37.0,4582619.608629933,2897906.7252826816,3148299.3205820834,30.31178843622458,32.307993031235,-102951.11375626363
G06,2024-05-06 18:25:26.417843+00:00,4826855.144337301,-14576655.604300678,21716133.802177824,23360902.28101655,46.1,4582619.608629933,2897906.7252826816,3148299.3205820834,30.31178843622458,32.307993031235,-102951.11375626363
G09,2024-05-06 18:25:26.417843+00:00,25255992.27656459,-7258739.693959584,3973358.330041003,20817577.691989332,47.1,4582619.608629933,2897906.7252826816,3148299.3205820834,30.31178843622458,32.307993031235,-102951.11375626363
G16,2024-05-06 18:25:26.417843+00:00,1679859.5199648887,24096714.04134746,-10849034.518069848,23805886.047789715,33.2,4582619.608629933,2897906.7252826816,3148299.3205820834,30.31178843622458,32.307993031235,-102951.11375626363
G17,2024-05-06 18:25:26.417843+00:00,21171186.50580554,-13390008.552679513,9482836.43144505,22480149.834948685,45.3,4582619.608629933,2897906.7252826816,3148299.3205820834,30.31178843622458,32.307993031235,-102951.11375626363
G19,2024-05-06 18:25:26.417843+00:00,13840285.574800475,-15265680.399256136,16355746.733858151,22107240.133674227,47.0,4582619.608629933,2897906.7252826816,3148299.3205820834,30.31178843622458,32.307993031235,-102951.11375626363
G21,2024-05-06 18:25:26.417843+00:00,20941965.469400074,16836186.241028644,-3157773.135602065,20224944.524739176,46.7,4582619.608629933,2897906.7252826816,3148299.3205820834,30.31178843622458,32.307993031235,-102951.11375626363
G26,2024-05-06 18:25:26.417843+00:00,-4218570.725902891,25853358.719271835,2799152.742509759,22560102.553142972,47.0,4582619.608629933,2897906.7252826816,3148299.3205820834,30.31178843622458,32.307993031235,-102951.11375626363
G28,2024-05-06 18:25:26.417843+00:00,-7109390.174071806,13600902.525935216,21664980.717829984,22328657.0060233,46.6,4582619.608629933,2897906.7252826816,3148299.3205820834,30.31178843622458,32.307993031235,-102951.11375626363
G31,2024-05-06 18:25:26.417843+00:00,2841362.9554952597,19087399.298566766,17861588.80901985,19855710.492393155,46.5,4582619.608629933,2897906.7252826816,3148299.3205820834,30.31178843622458,32.307993031235,-102951.11375626363
G02,2024-05-06 18:25:27.417843+00:00,22724315.702938132,13967521.683623143,1970784.6509845867,19085925.146225307,48.1,4582615.444852624,2897877.1239330415,3148277.6755275163,30.311706601625144,32.30775216831791,-102978.7343269512
G03,2024-05-06 18:25:27.417843+00:00,12836151.348235909,9040051.522535183,21293220.044727936,18959324.069958992,40.4,4582615.444852624,2897877.1239330415,3148277.6755275163,30.311706601625144,32.30775216831791,-102978.7343269512
G04,2024-05-06 18:25:27.417843+00:00,21688719.590552676,3636087.6298097894,15008373.218338897,19110988.374467075,38.3,4582615.444852624,2897877.1239330415,3148277.6755275163,30.311706601625144,32.30775216831791,-102978.7343269512
G06,2024-05-06 18:25:27.417843+00:00,4828977.375116891,-14574927.066309828,21716834.91596751,23360184.870664082,48.2,4582615.444852624,2897877.1239330415,3148277.6755275163,30.311706601625144,32.30775216831791,-102978.7343269512
G09,2024-05-06 18:25:27.417843+00:00,25255622.864297703,-7258283.882551979,3976470.449265179,20817101.628066216,47.8,4582615.444852624,2897877.1239330415,3148277.6755275163,30.311706601625144,32.30775216831791,-102978.7343269512
G16,2024-05-06 18:25:27.417843+00:00,1679271.575752642,24097950.5919305,-10846250.04188319,23805429.46577365,33.2,4582615.444852624,2897877.1239330415,3148277.6755275163,30.311706601625144,32.30775216831791,-102978.7343269512
G17,2024-05-06 18:25:27.417843+00:00,21172336.092715442,-13390145.795684816,9479962.76892645,22480235.872497436,47.1,4582615.444852624,2897877.1239330415,3148277.6755275163,30.311706601625144,32.30775216831791,-102978.7343269512
G19,2024-05-06 18:25:27.417843+00:00,13842391.45014415,-15266026.566351049,16353627.025562342,22107089.93252691,47.8,4582615.444852624,2897877.1239330415,3148277.6755275163,30.311706601625144,32.30775216831791,-102978.7343269512
G21,2024-05-06 18:25:27.417843+00:00,20941488.157393854,16836098.57240065,-3160852.125047812,20225367.526094727,47.5,4582615.444852624,2897877.1239330415,3148277.6755275163,30.311706601625144,32.30775216831791,-102978.7343269512
G26,2024-05-06 18:25:27.417843+00:00,-4218941.7444955055,25852947.841297694,2802258.735654604,22559761.984332494,48.3,4582615.444852624,2897877.1239330415,3148277.6755275163,30.311706601625144,32.30775216831791,-102978.7343269512
G28,2024-05-06 18:25:27.417843+00:00,-7111594.1957649365,13599251.405211546,21665293.345473163,22329188.229505304,47.7,4582615.444852624,2897877.1239330415,3148277.6755275163,30.311706601625144,32.30775216831791,-102978.7343269512
G31,2024-05-06 18:25:27.417843+00:00,2839466.238606427,19086035.586171184,17863365.774078798,19856003.6909857,47.7,4582615.444852624,2897877.1239330415,3148277.6755275163,30.311706601625144,32.30775216831791,-102978.7343269512
G02,2024-05-06 18:25:28.417843+00:00,22724339.605406646,13967822.115422156,1967625.7738354441,19086295.38950595,48.1,4450967.807690399,2873390.7964546317,2922774.1505127326,29.056780777880174,32.844887477680835,-322498.528707535
G03,2024-05-06 18:25:28.417843+00:00,12835654.021839343,9042736.515790284,21292397.688840196,18959183.77620688,40.5,4450967.807690399,2873390.7964546317,2922774.1505127326,29.056780777880174,32.844887477680835,-322498.528707535
G04,2024-05-06 18:25:28.417843+00:00,21686983.933343977,3636874.7393133035,15010680.097326888,19110870.858531892,36.5,4450967.807690399,2873390.7964546317,2922774.1505127326,29.056780777880174,32.844887477680835,-322498.528707535
G06,2024-05-06 18:25:28.417843+00:00,4831099.780959478,-14573198.606952015,21717535.56951674,23359525.621887334,48.4,4450967.807690399,2873390.7964546317,2922774.1505127326,29.056780777880174,32.844887477680835,-322498.528707535
G09,2024-05-06 18:25:28.417843+00:00,25255253.116583996,-7257827.901798693,3979582.483413145,20816685.217712443,48.5,4450967.807690399,2873390.7964546317,2922774.1505127326,29.056780777880174,32.844887477680835,-322498.528707535
G17,2024-05-06 18:25:28.417843+00:00,21173485.3328557,-13390282.999750271,9477088.91009735,22480360.885107506,47.2,4450967.807690399,2873390.7964546317,2922774.1505127326,29.056780777880174,32.844887477680835,-322498.528707535
G19,2024-05-06 18:25:28.417843+00:00,13844497.045264922,-15266372.787506003,16351506.959549068,22106986.50668824,48.6,4450967.807690399,2873390.7964546317,2922774.1505127326,29.056780777880174,32.844887477680835,-322498.528707535
G21,2024-05-06 18:25:28.417843+00:00,20941010.52250162,16836010.724066913,-3163931.050339615,20225841.2028826,48.2,4450967.807690399,2873390.7964546317,2922774.1505127326,29.056780777880174,32.844887477680835,-322498.528707535
G26,2024-05-06 18:25:28.417843+00:00,-4219312.75342922,25852536.591304336,2805364.6672288347,22559465.79142573,48.8,4450967.807690399,2873390.7964546317,2922774.1505127326,29.056780777880174,32.844887477680835,-322498.528707535
G28,2024-05-06 18:25:28.417843+00:00,-7113798.344295934,13597600.388926473,21665605.511645444,22329765.62626345,48.0,4450967.807690399,2873390.7964546317,2922774.1505127326,29.056780777880174,32.844887477680835,-322498.528707535
G31,2024-05-06 18:25:28.417843+00:00,2837569.2760390677,19084671.833784733,17865142.347155087,19856352.65174903,48.4,4450967.807690399,2873390.7964546317,2922774.1505127326,29.056780777880174,32.844887477680835,-322498.528707535
G02,2024-05-06 18:25:29.417843+00:00,22724363.199064184,13968122.327065162,1964466.8552528492,19086624.860352848,46.1,4450966.298903499,2873377.6094524465,2922787.8254264607,29.05693326677888,32.84477651015192,-322499.24715859164
G03,2024-05-06 18:25:29.417843+00:00,12835156.87900839,9045421.435064413,21291574.874576397,18959038.980298594,38.3,4450966.298903499,2873377.6094524465,2922787.8254264607,29.05693326677888,32.84477651015192,-322499.24715859164
G04,2024-05-06 18:25:29.417843+00:00,21685248.048185963,3637662.0445390604,15012986.659359727,19110739.251545884,37.0,4450966.298903499,2873377.6094524465,2922787.8254264607,29.05693326677888,32.84477651015192,-322499.24715859164
G06,2024-05-06 18:25:29.417843+00:00,4833222.362452638,-14571470.22576547,21718235.7630201,23358835.189571492,45.8,4450966.298903499,2873377.6094524465,2922787.8254264607,29.05693326677888,32.84477651015192,-322499.24715859164
G09,2024-05-06 18:25:29.417843+00:00,25254883.033343688,-7257371.751522547,3982694.4333429206,20816239.429917105,46.2,4450966.298903499,2873377.6094524465,2922787.8254264607,29.05693326677888,32.84477651015192,-322499.24715859164
G17,2024-05-06 18:25:29.417843+00:00,21174634.226401955,-13390420.164844569,9474214.854542367,22480475.41013672,44.7,4450966.298903499,2873377.6094524465,2922787.8254264607,29.05693326677888,32.84477651015192,-322499.24715859164
G19,2024-05-06 18:25:29.417843+00:00,13846602.360521965,-15266719.062740186,16349386.535459487,22106872.59326871,46.3,4450966.298903499,2873377.6094524465,2922787.8254264607,29.05693326677888,32.84477651015192,-322499.24715859164
G21,2024-05-06 18:25:29.417843+00:00,20940532.564584665,16835922.696052045,-3167009.912166485,20226292.3863398,45.8,4450966.298903499,2873377.6094524465,2922787.8254264607,29.05693326677888,32.84477651015192,-322499.24715859164
G26,2024-05-06 18:25:29.417843+00:00,-4219683.752832571,25852124.96920708,2808470.5378387,22559148.911285836,46.2,4450966.298903499,2873377.6094524465,2922787.8254264607,29.05693326677888,32.84477651015192,-322499.24715859164
G28,2024-05-06 18:25:29.417843+00:00,-7116002.62011032,13595949.476753417,21665917.21641047,22330321.742481057,46.0,4450966.298903499,2873377.6094524465,2922787.8254264607,29.05693326677888,32.84477651015192,-322499.24715859164
G31,2024-05-06 18:25:29.417843+00:00,2835672.0673048384,19083308.04109695,17866918.52869188,19856676.126469355,46.2,4450966.298903499,2873377.6094524465,2922787.8254264607,29.05693326677888,32.84477651015192,-322499.24715859164
G02,2024-05-06 18:25:30.417843+00:00,22724386.483868435,13968422.31850307,1961307.8962249144,19087001.106508397,45.8,4450986.587625893,2873372.009964308,2922830.322843339,29.057221693441555,32.84460662769011,-322466.36165908724
G03,2024-05-06 18:25:30.417843+00:00,12834659.91975616,9048106.280204326,21290751.601980545,18958898.983200185,40.7,4450986.587625893,2873372.009964308,2922830.322843339,29.057221693441555,32.84460662769011,-322466.36165908724
G04,2024-05-06 18:25:30.417843+00:00,21683511.93519334,3638449.5454809777,15015292.904310044,19110603.744436212,38.0,4450986.587625893,2873372.009964308,2922830.322843339,29.057221693441555,32.84460662769011,-322466.36165908724
G06,2024-05-06 18:25:30.417843+00:00,4835345.1190015,-14569741.923251294,21718935.49628194,23358191.2359106,45.7,4450986.587625893,2873372.009964308,2922830.322843339,29.057221693441555,32.84460662769011,-322466.36165908724
G09,2024-05-06 18:25:30.417843+00:00,25254512.61467673,-7256915.4317679,3985806.298400154,20815820.925537203,45.5,4450986.587625893,2873372.009964308,2922830.322843339,29.057221693441555,32.84460662769011,-322466.36165908724
G17,2024-05-06 18:25:30.417843+00:00,21175782.77319893,-13390557.290896937,9471340.602673668,22480616.311170045,44.2,4450986.587625893,2873372.009964308,2922830.322843339,29.057221693441555,32.84460662769011,-322466.36165908724
G19,2024-05-06 18:25:30.417843+00:00,13848707.395659626,-15267065.391971715,16347265.75355374,22106778.459670994,45.2,4450986.587625893,2873372.009964308,2922830.322843339,29.057221693441555,32.84460662769011,-322466.36165908724
G21,2024-05-06 18:25:30.417843+00:00,20940054.283713624,16835834.488419138,-3170088.7098686113,20226779.246767174,45.5,4450986.587625893,2873372.009964308,2922830.322843339,29.057221693441555,32.84460662769011,-322466.36165908724
G26,2024-05-06 18:25:30.417843+00:00,-4220054.742690089,25851712.975080837,2811576.346885327,22558862.603927422,45.5,4450986.587625893,2873372.009964308,2922830.322843339,29.057221693441555,32.84460662769011,-322466.36165908724
G28,2024-05-06 18:25:30.417843+00:00,-7118207.022725711,13594298.66906078,21666228.459700536,22330915.324316155,45.3,4450986.587625893,2873372.009964308,2922830.322843339,29.057221693441555,32.84460662769011,-322466.36165908724
G31,2024-05-06 18:25:30.417843+00:00,2833774.6127880085,19081944.208424732,17868694.318315107,19857030.77600367,45.7,4450986.587625893,2873372.009964308,2922830.322843339,29.057221693441555,32.84460662769011,-322466.36165908724
G02,2024-05-06 18:25:31.417843+00:00,22724409.459788036,13968722.089825492,1958148.8962799811,19087373.14716147,45.8,4451006.879438533,2873363.6918802983,2922877.501849983,29.057555808495863,32.844412026752806,-322432.48877723515
G03,2024-05-06 18:25:31.417843+00:00,12834163.144059489,9050791.051252779,21289927.871036496,18958751.194579553,40.8,4451006.879438533,2873363.6918802983,2922877.501849983,29.057555808495863,32.844412026752806,-322432.48877723515
G04,2024-05-06 18:25:31.417843+00:00,21681775.59452775,3639237.24211179,15017598.83198823,19110482.633756176,41.4,4451006.879438533,2873363.6918802983,2922877.501849983,29.057555808495863,32.844412026752806,-322432.48877723515
G06,2024-05-06 18:25:31.417843+00:00,4837468.050943271,-14568013.699151635,21719634.769414093,23357539.778656073,45.1,4451006.879438533,2873363.6918802983,2922877.501849983,29.057555808495863,32.844412026752806,-322432.48877723515
G09,2024-05-06 18:25:31.417843+00:00,25254141.86060362,-7256458.94248103,3988918.0785996467,20815421.904325403,46.3,4451006.879438533,2873363.6918802983,2922877.501849983,29.057555808495863,32.844412026752806,-322432.48877723515
G17,2024-05-06 18:25:31.417843+00:00,21176930.97338537,-13390694.377871685,9468466.154167822,22480743.72318506,45.4,4451006.879438533,2873363.6918802983,2922877.501849983,29.057555808495863,32.844412026752806,-322432.48877723515
G19,2024-05-06 18:25:31.417843+00:00,13850812.150714796,-15267411.77516681,16345144.613797378,22106692.719628002,45.2,4451006.879438533,2873363.6918802983,2922877.501849983,29.057555808495863,32.844412026752806,-322432.48877723515
G21,2024-05-06 18:25:31.417843+00:00,20939575.679813836,16835746.101204507,-3173167.443722133,20227268.81197829,46.1,4451006.879438533,2873363.6918802983,2922877.501849983,29.057555808495863,32.844412026752806,-322432.48877723515
G26,2024-05-06 18:25:31.417843+00:00,-4220425.723072505,25851300.60890511,2814682.09449027,22558588.590247404,45.8,4451006.879438533,2873363.6918802983,2922877.501849983,29.057555808495863,32.844412026752806,-322432.48877723515
G28,2024-05-06 18:25:31.417843+00:00,-7120411.552371549,13592647.965683816,21666539.241548613,22331508.30411874,45.7,4451006.879438533,2873363.6918802983,2922877.501849983,29.057555808495863,32.844412026752806,-322432.48877723515
G31,2024-05-06 18:25:31.417843+00:00,2831876.9123892887,19080580.335737247,17870469.716103602,19857396.829255275,45.7,4451006.879438533,2873363.6918802983,2922877.501849983,29.057555808495863,32.844412026752806,-322432.48877723515
G02,2024-05-06 18:25:32.418594+00:00,22724432.126791324,13969021.64112166,1954989.8549499493,19087690.333055075,46.2,4450998.839125665,2873351.4166046153,2922871.487325082,29.057567754939083,32.844347653651305,-322447.13439000957
G03,2024-05-06 18:25:32.418594+00:00,12833666.551942855,9053475.747994894,21289103.68180721,18958611.799513653,40.6,4450998.839125665,2873351.4166046153,2922871.487325082,29.057567754939083,32.844347653651305,-322447.13439000957
G04,2024-05-06 18:25:32.418594+00:00,21680039.026118133,3640025.1345096612,15019904.442513742,19110354.02820762,38.1,4450998.839125665,2873351.4166046153,2922871.487325082,29.057567754939083,32.844347653651305,-322447.13439000957
G06,2024-05-06 18:25:32.418594+00:00,4839591.158508882,-14566285.553295277,21720333.582493022,23356841.860196818,45.5,4450998.839125665,2873351.4166046153,2922871.487325082,29.057567754939083,32.844347653651305,-322447.13439000957
G09,2024-05-06 18:25:32.418594+00:00,25253770.771053076,-7256002.283495521,3992029.774724596,20814960.533485625,46.4,4450998.839125665,2873351.4166046153,2922871.487325082,29.057567754939083,32.844347653651305,-322447.13439000957
G17,2024-05-06 18:25:32.418594+00:00,21178078.82696795,-13390831.425717311,9465591.509031754,22480852.245339368,45.4,4450998.839125665,2873351.4166046153,2922871.487325082,29.057567754939083,32.844347653651305,-322447.13439000957
G19,2024-05-06 18:25:32.418594+00:00,13852916.625894886,-15267758.212319747,16343023.115983998,22106579.696169578,46.0,4450998.839125665,2873351.4166046153,2922871.487325082,29.057567754939083,32.844347653651305,-322447.13439000957
G21,2024-05-06 18:25:32.418594+00:00,20939096.75275782,16835657.534434617,-3176246.114342109,20227695.111424997,45.8,4450998.839125665,2873351.4166046153,2922871.487325082,29.057567754939083,32.844347653651305,-322447.13439000957
G26,2024-05-06 18:25:32.418594+00:00,-4220796.6941123,25850887.870590366,2817787.781293807,22558258.517742902,46.4,4450998.839125665,2873351.4166046153,2922871.487325082,29.057567754939083,32.844347653651305,-322447.13439000957
G28,2024-05-06 18:25:32.418594+00:00,-7122616.209332437,13590997.366416585,21666849.561995164,22332055.128095407,45.8,4450998.839125665,2873351.4166046153,2922871.487325082,29.057567754939083,32.844347653651305,-322447.13439000957
G31,2024-05-06 18:25:32.418594+00:00,2829978.9657091172,19079216.42278802,17872244.72241674,19857707.111610986,46.3,4450998.839125665,2873351.4166046153,2922871.487325082,29.057567754939083,32.844347653651305,-322447.13439000957
G02,2024-05-06 18:25:33.417843+00:00,22724454.484829508,13969320.972251097,1951830.7741893632,19088131.930276055,47.0,4451063.636484419,2873368.1768759782,2922981.289784381,29.05818676300839,32.8441198706162,-322338.2711669933
G03,2024-05-06 18:25:33.417843+00:00,12833170.143380584,9056160.370486887,21288279.03427243,18958466.706951663,38.8,4451063.636484419,2873368.1768759782,2922981.289784381,29.05818676300839,32.8441198706162,-322338.2711669933
G04,2024-05-06 18:25:33.417843+00:00,21678302.230030574,3640813.2226906344,15022209.73582385,19110219.725162968,38.3,4451063.636484419,2873368.1768759782,2922981.289784381,29.05818676300839,32.8441198706162,-322338.2711669933
G06,2024-05-06 18:25:33.417843+00:00,4841714.440545072,-14564557.486637564,21721031.935139876,23356253.956635304,47.0,4451063.636484419,2873368.1768759782,2922981.289784381,29.05818676300839,32.8441198706162,-322338.2711669933
G09,2024-05-06 18:25:33.417843+00:00,25253399.346275672,-7255545.455040805,3995141.384860646,20814614.875039674,47.0,4451063.636484419,2873368.1768759782,2922981.289784381,29.05818676300839,32.8441198706162,-322338.2711669933
G17,2024-05-06 18:25:33.417843+00:00,21179226.333528712,-13390968.434331732,9462716.668336175,22481047.407824755,46.5,4451063.636484419,2873368.1768759782,2922981.289784381,29.05818676300839,32.8441198706162,-322338.2711669933
G19,2024-05-06 18:25:33.417843+00:00,13855020.820380282,-15268104.703255713,16340901.260942686,22106550.02367619,46.7,4451063.636484419,2873368.1768759782,2922981.289784381,29.05818676300839,32.8441198706162,-322338.2711669933
G21,2024-05-06 18:25:33.417843+00:00,20938617.50281907,16835568.788210206,-3179324.7197663677,20228243.13486555,47.0,4451063.636484419,2873368.1768759782,2922981.289784381,29.05818676300839,32.8441198706162,-322338.2711669933
G26,2024-05-06 18:25:33.417843+00:00,-4221167.65564832,25850474.76037406,2820893.4054765166,22558041.470298696,47.3,4451063.636484419,2873368.1768759782,2922981.289784381,29.05818676300839,32.8441198706162,-322338.2711669933
G28,2024-05-06 18:25:33.417843+00:00,-7124820.9924138,13589346.872160487,21667159.420872696,22332711.3649373,47.0,4451063.636484419,2873368.1768759782,2922981.289784381,29.05818676300839,32.8441198706162,-322338.2711669933
G31,2024-05-06 18:25:33.417843+00:00,2828080.77380208,19077852.470375456,17874019.336254165,19858124.119498394,47.2,4451063.636484419,2873368.1768759782,2922981.289784381,29.05818676300839,32.8441198706162,-322338.2711669933
G02,2024-05-06 18:25:34.417843+00:00,22724476.53388872,13969620.083541198,1948671.6510153257,19088408.640389618,47.3,4586666.650404031,2898475.5227907645,3155076.5300768437,30.34815868714714,32.290228137722046,-96313.79330838285
G03,2024-05-06 18:25:34.417843+00:00,12832673.91838276,9058844.918591658,21287453.928471263,18958323.411762103,38.3,4586666.650404031,2898475.5227907645,3155076.5300768437,30.34815868714714,32.290228137722046,-96313.79330838285
G04,2024-05-06 18:25:34.417843+00:00,21676565.206414577,3641601.5066328375,15024514.711745232,19110095.909699183,40.2,4586666.650404031,2898475.5227907645,3155076.5300768437,30.34815868714714,32.290228137722046,-96313.79330838285
G06,2024-05-06 18:25:34.417843+00:00,4843837.898926258,-14562829.49766973,21721729.827971574,23355505.06609003,47.1,4586666.650404031,2898475.5227907645,3155076.5300768437,30.34815868714714,32.290228137722046,-96313.79330838285
G09,2024-05-06 18:25:34.417843+00:00,25253027.585957065,-7255088.456651609,3998252.9118259237,20814107.034270056,47.1,4586666.650404031,2898475.5227907645,3155076.5300768437,30.34815868714714,32.290228137722046,-96313.79330838285
G16,2024-05-06 18:25:34.417843+00:00,1675160.2852843553,24106597.88031434,-10826752.339535782,23818251.31297888,45.0,4586666.650404031,2898475.5227907645,3155076.5300768437,30.34815868714714,32.290228137722046,-96313.79330838285
G17,2024-05-06 18:25:34.417843+00:00,21180373.49398074,-13391105.403771672,9459841.629816996,22481086.984168775,46.2,4586666.650404031,2898475.5227907645,3155076.5300768437,30.34815868714714,32.290228137722046,-96313.79330838285
G19,2024-05-06 18:25:34.417843+00:00,13857124.735844955,-15268451.248210583,16338779.046987794,22106359.050095122,46.7,4586666.650404031,2898475.5227907645,3155076.5300768437,30.34815868714714,32.290228137722046,-96313.79330838285
G21,2024-05-06 18:25:34.417843+00:00,20938137.929533042,16835479.86249538,-3182403.262774148,20228636.16547213,46.8,4586666.650404031,2898475.5227907645,3155076.5300768437,30.34815868714714,32.290228137722046,-96313.79330838285
G26,2024-05-06 18:25:34.417843+00:00,-4221538.608075021,25850061.27787482,2823998.969871306,22557657.432995826,47.0,4586666.650404031,2898475.5227907645,3155076.5300768437,30.34815868714714,32.290228137722046,-96313.79330838285
G28,2024-05-06 18:25:34.417843+00:00,-7127025.903575864,13587696.481455244,21667468.818457033,22333203.622083094,47.5,4586666.650404031,2898475.5227907645,3155076.5300768437,30.34815868714714,32.290228137722046,-96313.79330838285
G31,2024-05-06 18:25:34.417843+00:00,2826182.335052089,19076488.477378882,17875793.559112437,19858388.542681884,47.1,4586666.650404031,2898475.5227907645,3155076.5300768437,30.34815868714714,32.290228137722046,-96313.79330838285
G02,2024-05-06 18:25:35.417843+00:00,22724498.273916926,13969918.974807374,1945512.4878500598,19088744.10538631,45.9,4586637.698275496,2898444.251406656,3155022.2258514697,30.347920021999936,32.290112305435855,-96376.76794840954
G03,2024-05-06 18:25:35.417843+00:00,12832177.876947466,9061529.392236635,21286628.36442303,18958182.210598666,41.4,4586637.698275496,2898444.251406656,3155022.2258514697,30.347920021999936,32.290112305435855,-96376.76794840954
G04,2024-05-06 18:25:35.417843+00:00,21674827.955268577,3642389.986382978,15026819.37030503,19109972.69626791,39.1,4586637.698275496,2898444.251406656,3155022.2258514697,30.347920021999936,32.290112305435855,-96376.76794840954
G06,2024-05-06 18:25:35.417843+00:00,4845961.532061562,-14561101.587703168,21722427.26046556,23354813.44715938,45.8,4586637.698275496,2898444.251406656,3155022.2258514697,30.347920021999936,32.290112305435855,-96376.76794840954
G09,2024-05-06 18:25:35.417843+00:00,25252655.49039742,-7254631.288618198,4001364.353292263,20813654.946946114,46.1,4586637.698275496,2898444.251406656,3155022.2258514697,30.347920021999936,32.290112305435855,-96376.76794840954
G16,2024-05-06 18:25:35.417843+00:00,1674573.5655436767,24107832.002178602,-10823966.001103573,23817719.485623922,46.6,4586637.698275496,2898444.251406656,3155022.2258514697,30.347920021999936,32.290112305435855,-96376.76794840954
G17,2024-05-06 18:25:35.417843+00:00,21181520.3074554,-13391242.333881125,9456966.395674583,22481194.30225806,44.5,4586637.698275496,2898444.251406656,3155022.2258514697,30.347920021999936,32.290112305435855,-96376.76794840954
G19,2024-05-06 18:25:35.417843+00:00,13859228.370644527,-15268797.8468736,16336656.475780439,22106234.945748433,46.1,4586637.698275496,2898444.251406656,3155022.2258514697,30.347920021999936,32.290112305435855,-96376.76794840954
G21,2024-05-06 18:25:35.417843+00:00,20937658.03323393,16835390.757402062,-3185481.7410156825,20229096.937823985,46.1,4586637.698275496,2898444.251406656,3155022.2258514697,30.347920021999936,32.290112305435855,-96376.76794840954
G26,2024-05-06 18:25:35.417843+00:00,-4221909.551162578,25849647.423406743,2827104.4720842075,22557330.955236178,45.9,4586637.698275496,2898444.251406656,3155022.2258514697,30.347920021999936,32.290112305435855,-96376.76794840954
G28,2024-05-06 18:25:35.417843+00:00,-7129230.941105806,13586046.195590109,21667777.75450806,22333757.93220317,45.6,4586637.698275496,2898444.251406656,3155022.2258514697,30.347920021999936,32.290112305435855,-96376.76794840954
G31,2024-05-06 18:25:35.417843+00:00,2824283.650792666,19075124.444797114,17877567.389730684,19858706.921938628,45.7,4586637.698275496,2898444.251406656,3155022.2258514697,30.347920021999936,32.290112305435855,-96376.76794840954
G02,2024-05-06 18:25:36.417843+00:00,22724519.704877675,13970217.646069504,1942353.2849583596,19089157.22385194,46.0,4586679.903902498,2898450.7174420687,3155056.300990331,30.348008264319883,32.28993193618842,-96325.7808260629
G03,2024-05-06 18:25:36.417843+00:00,12831682.019063462,9064213.791400038,21285802.34213142,18958037.72006919,40.8,4586679.903902498,2898450.7174420687,3155056.300990331,30.348008264319883,32.28993193618842,-96325.7808260629
G04,2024-05-06 18:25:36.417843+00:00,21673090.47661877,3643178.661975123,15029123.711493524,19109844.98940557,40.2,4586679.903902498,2898450.7174420687,3155056.300990331,30.348008264319883,32.28993193618842,-96325.7808260629
G06,2024-05-06 18:25:36.417843+00:00,4848085.339691438,-14559373.756965559,21723124.232537545,23354209.35852091,46.6,4586679.903902498,2898450.7174420687,3155056.300990331,30.348008264319883,32.28993193618842,-96325.7808260629
G09,2024-05-06 18:25:36.417843+00:00,25252283.05966984,-7254173.950951556,4004475.708835583,20813293.10342321,46.5,4586679.903902498,2898450.7174420687,3155056.300990331,30.348008264319883,32.28993193618842,-96325.7808260629
G16,2024-05-06 18:25:36.417843+00:00,1673986.9990399517,24109065.81954301,-10821179.431741359,23817349.247285232,46.0,4586679.903902498,2898450.7174420687,3155056.300990331,30.348008264319883,32.28993193618842,-96325.7808260629
G17,2024-05-06 18:25:36.417843+00:00,21182666.773881536,-13391379.224599332,9454090.966111917,22481384.378004976,45.3,4586679.903902498,2898450.7174420687,3155056.300990331,30.348008264319883,32.28993193618842,-96325.7808260629
G19,2024-05-06 18:25:36.417843+00:00,13861331.72461852,-15269144.499178434,16334533.547485648,22106194.471570265,45.9,4586679.903902498,2898450.7174420687,3155056.300990331,30.348008264319883,32.28993193618842,-96325.7808260629
G21,2024-05-06 18:25:36.417843+00:00,20937177.81390177,16835301.47297682,-3188560.1544160857,20229626.67343634,46.7,4586679.903902498,2898450.7174420687,3155056.300990331,30.348008264319883,32.28993193618842,-96325.7808260629
G26,2024-05-06 18:25:36.417843+00:00,-4222280.484920002,25849233.197018173,2830209.9117213516,22557093.517212544,46.4,4586679.903902498,2898450.7174420687,3155056.300990331,30.348008264319883,32.28993193618842,-96325.7808260629
G28,2024-05-06 18:25:36.417843+00:00,-7131436.104739136,13584396.01476993,21668086.228989553,22334403.37608539,46.7,4586679.903902498,2898450.7174420687,3155056.300990331,30.348008264319883,32.28993193618842,-96325.7808260629
G31,2024-05-06 18:25:36.417843+00:00,2822384.72121503,19073760.37280798,17879340.8279165,19859105.345344145,46.0,4586679.903902498,2898450.7174420687,3155056.300990331,30.348008264319883,32.28993193618842,-96325.7808260629
G02,2024-05-06 18:25:37.417841+00:00,22724540.82674848,13970516.097546965,1939194.0404943048,19089466.60949822,47.9,4586660.216157555,2898412.034927316,3155017.56849739,30.347874760390802,32.289697679931166,-96377.5457383385
G03,2024-05-06 18:25:37.417841+00:00,12831186.344729794,9066898.11600396,21284975.861617386,18957890.83013477,41.4,4586660.216157555,2898412.034927316,3155017.56849739,30.347874760390802,32.289697679931166,-96377.5457383385
G04,2024-05-06 18:25:37.417841+00:00,21671352.77052435,3643967.53342833,15031427.735257281,19109713.38241956,39.1,4586660.216157555,2898412.034927316,3155017.56849739,30.347874760390802,32.289697679931166,-96377.5457383385
G06,2024-05-06 18:25:37.417841+00:00,4850209.323234138,-14557646.004319793,21723820.744653426,23353486.250672348,47.4,4586660.216157555,2898412.034927316,3155017.56849739,30.347874760390802,32.289697679931166,-96377.5457383385
G09,2024-05-06 18:25:37.417841+00:00,25251910.293541804,-7253716.44328744,4007586.980583316,20812810.137938976,47.4,4586660.216157555,2898412.034927316,3155017.56849739,30.347874760390802,32.289697679931166,-96377.5457383385
G16,2024-05-06 18:25:37.417841+00:00,1673400.585192616,24110299.333509758,-10818392.628916085,23816861.78710888,47.5,4586660.216157555,2898412.034927316,3155017.56849739,30.347874760390802,32.289697679931166,-96377.5457383385
G17,2024-05-06 18:25:37.417841+00:00,21183812.894030582,-13391516.075966185,9451215.33921775,22481451.822346725,47.0,4586660.216157555,2898412.034927316,3155017.56849739,30.347874760390802,32.289697679931166,-96377.5457383385
G19,2024-05-06 18:25:37.417841+00:00,13863434.799152005,-15269491.205313455,16332410.260708075,22106034.079495784,48.0,4586660.216157555,2898412.034927316,3155017.56849739,30.347874760390802,32.289697679931166,-96377.5457383385
G21,2024-05-06 18:25:37.417841+00:00,20936697.271217626,16835212.009210475,-3191638.5048154797,20230040.085897245,48.1,4586660.216157555,2898412.034927316,3155017.56849739,30.347874760390802,32.289697679931166,-96377.5457383385
G26,2024-05-06 18:25:37.417841+00:00,-4222651.409642762,25848818.598437387,2833315.2907862477,22556745.156879846,48.0,4586660.216157555,2898412.034927316,3155017.56849739,30.347874760390802,32.289697679931166,-96377.5457383385
G28,2024-05-06 18:25:37.417841+00:00,-7133641.396035074,13582745.937835012,21668394.24212004,22334921.119274188,48.0,4586660.216157555,2898412.034927316,3155017.56849739,30.347874760390802,32.289697679931166,-96377.5457383385
G31,2024-05-06 18:25:37.417841+00:00,2820485.545142983,19072396.26060711,17881113.874754105,19859394.041780513,47.9,4586660.216157555,2898412.034927316,3155017.56849739,30.347874760390802,32.289697679931166,-96377.5457383385
G02,2024-05-06 18:25:38.417841+00:00,22724561.64421711,13970814.397441538,1936034.032169825,19021126.821106844,47.9,4633049.891353146,2992458.3429064895,2942620.7483123266,28.244315652087195,32.85816790051842,-122061.67232226394
G03,2024-05-06 18:25:38.417841+00:00,12830690.853958955,9069582.365897935,21284148.922924254,18957750.52765755,41.0,4633049.891353146,2992458.3429064895,2942620.7483123266,28.244315652087195,32.85816790051842,-122061.67232226394
G04,2024-05-06 18:25:38.417841+00:00,21669614.83712794,3644756.6007238366,15033731.441432225,19109592.865046926,40.2,4633049.891353146,2992458.3429064895,2942620.7483123266,28.244315652087195,32.85816790051842,-122061.67232226394
G09,2024-05-06 18:25:38.417841+00:00,25251537.361663226,-7253258.973599376,4010696.7547083846,20948437.44862959,38.7,4633049.891353146,2992458.3429064895,2942620.7483123266,28.244315652087195,32.85816790051842,-122061.67232226394
G17,2024-05-06 18:25:38.417841+00:00,21184958.33916041,-13391652.848675374,9448340.340290872,22567421.51463157,40.6,4633049.891353146,2992458.3429064895,2942620.7483123266,28.244315652087195,32.85816790051842,-122061.67232226394
G19,2024-05-06 18:25:38.417841+00:00,13865537.867127977,-15269838.01024498,16330286.339819254,22066840.420898672,38.1,4633049.891353146,2992458.3429064895,2942620.7483123266,28.244315652087195,32.85816790051842,-122061.67232226394
G21,2024-05-06 18:25:38.417841+00:00,20936216.273510356,16835122.341590587,-3194717.6346151666,20148289.383708633,46.8,4633049.891353146,2992458.3429064895,2942620.7483123266,28.244315652087195,32.85816790051842,-122061.67232226394
G26,2024-05-06 18:25:38.417841+00:00,-4223022.2168451855,25848403.749149118,2836419.7005617553,22644009.349056285,36.5,4633049.891353146,2992458.3429064895,2942620.7483123266,28.244315652087195,32.85816790051842,-122061.67232226394
G31,2024-05-06 18:25:38.417841+00:00,2818586.607204904,19071032.45627462,17882886.078023445,19936054.57591655,42.5,4633049.891353146,2992458.3429064895,2942620.7483123266,28.244315652087195,32.85816790051842,-122061.67232226394
G02,2024-05-06 18:25:40.597842+00:00,22724605.90416644,13971463.18498698,1929152.9717589435,19621488.008000974,48.4,4432942.314842425,3092618.283002346,3381827.0830973056,32.20624523353984,34.90134659191143,3794.6578522073105
G03,2024-05-06 18:25:40.597842+00:00,12829611.320256999,9075433.77177716,21282344.60839676,18957370.509892378,38.2,4432942.314842425,3092618.283002346,3381827.0830973056,32.20624523353984,34.90134659191143,3794.6578522073105
G04,2024-05-06 18:25:40.597842+00:00,21665825.354324635,3646477.4465352753,15038752.42035393,19109249.110055048,39.6,4432942.314842425,3092618.283002346,3381827.0830973056,32.20624523353984,34.90134659191143,3794.6578522073105
G09,2024-05-06 18:25:40.597842+00:00,25250723.58731846,-7252261.564161466,4017472.6238871636,21546965.40764992,36.3,4432942.314842425,3092618.283002346,3381827.0830973056,32.20624523353984,34.90134659191143,3794.6578522073105
G16,2024-05-06 18:25:40.597842+00:00,1671536.8053208953,24114219.886795957,-10809529.054372204,23815493.63828321,45.5,4432942.314842425,3092618.283002346,3381827.0830973056,32.20624523353984,34.90134659191143,3794.6578522073105
G17,2024-05-06 18:25:40.597842+00:00,21187454.92248097,-13391950.961507868,9442070.369072296,22567746.88103184,37.9,4432942.314842425,3092618.283002346,3381827.0830973056,32.20624523353984,34.90134659191143,3794.6578522073105
G19,2024-05-06 18:25:40.597842+00:00,13870116.781005742,-15270593.438247822,16325659.806435958,22666232.971490625,36.3,4432942.314842425,3092618.283002346,3381827.0830973056,32.20624523353984,34.90134659191143,3794.6578522073105
G26,2024-05-06 18:25:40.597842+00:00,-4223830.781390062,25847497.824003626,2843189.077152592,22643257.267280634,39.9,4432942.314842425,3092618.283002346,3381827.0830973056,32.20624523353984,34.90134659191143,3794.6578522073105
G28,2024-05-06 18:25:40.597842+00:00,-7140655.062207308,13577499.390154997,21669370.656444788,22336760.426851343,45.3,4432942.314842425,3092618.283002346,3381827.0830973056,32.20624523353984,34.90134659191143,3794.6578522073105
G31,2024-05-06 18:25:40.597842+00:00,2814445.016522794,19068058.468510292,17886749.1061089,19936724.114670195,41.2,4432942.314842425,3092618.283002346,3381827.0830973056,32.20624523353984,34.90134659191143,3794.6578522073105
G02,2024-05-06 18:25:42.417842+00:00,22724641.763991002,13972004.531258302,1923402.81177575,19622237.690465055,45.9,4434364.334507892,3093898.318193669,3371818.269289773,32.12074924620282,34.90384924625612,73.8626973554492
G03,2024-05-06 18:25:42.417842+00:00,12828710.726335853,9080318.61762178,21280836.5865328,18957183.04439539,38.9,4434364.334507892,3093898.318193669,3371818.269289773,32.12074924620282,34.90384924625612,73.8626973554492
G04,2024-05-06 18:25:42.417842+00:00,21662660.8307862,3647914.829127974,15042943.090395523,19109074.839382738,37.2,4434364.334507892,3093898.318193669,3371818.269289773,32.12074924620282,34.90384924625612,73.8626973554492
G09,2024-05-06 18:25:42.417842+00:00,25250042.354653116,-7251427.48152308,4023134.42599577,21546213.441771682,39.9,4434364.334507892,3093898.318193669,3371818.269289773,32.12074924620282,34.90384924625612,73.8626973554492
G16,2024-05-06 18:25:42.417842+00:00,1670470.7765519852,24116462.409740455,-10804454.981432267,23798316.940591138,31.2,4434364.334507892,3093898.318193669,3371818.269289773,32.12074924620282,34.90384924625612,73.8626973554492
G17,2024-05-06 18:25:42.417842+00:00,21189537.963750925,-13392199.700473214,9436835.092496824,22568080.449304383,41.8,4434364.334507892,3093898.318193669,3371818.269289773,32.12074924620282,34.90384924625612,73.8626973554492
G19,2024-05-06 18:25:42.417842+00:00,13873942.033780005,-15271224.890423294,16321792.440619152,22666192.402649794,32.8,4434364.334507892,3093898.318193669,3371818.269289773,32.12074924620282,34.90384924625612,73.8626973554492
G26,2024-05-06 18:25:42.417842+00:00,-4224505.78885304,25846740.14700618,2848840.3494968815,22642711.840297516,39.6,4434364.334507892,3093898.318193669,3371818.269289773,32.12074924620282,34.90384924625612,73.8626973554492
G31,2024-05-06 18:25:42.417842+00:00,2810986.463738883,19065575.454181988,17889972.775683053,19937349.076830354,41.9,4434364.334507892,3093898.318193669,3371818.269289773,32.12074924620282,34.90384924625612,73.8626973554492
G02,2024-05-06 18:25:43.417842+00:00,22724661.03107908,13972301.664533546,1920243.3266778865,19622622.330175333,47.1,4434367.56312122,3093908.032722048,3371833.1623604307,32.120823643418944,34.90391409290429,88.7317505767569
G03,2024-05-06 18:25:43.417842+00:00,12828216.153279696,9083002.493257424,21280007.35711763,18957037.655179698,41.3,4434367.56312122,3093908.032722048,3371833.1623604307,32.120823643418944,34.90391409290429,88.7317505767569
G04,2024-05-06 18:25:43.417842+00:00,21660921.761387873,3648704.876093393,15045245.208329113,19108953.12667019,39.2,4434367.56312122,3093908.032722048,3371833.1623604307,32.120823643418944,34.90391409290429,88.7317505767569
G09,2024-05-06 18:25:43.417842+00:00,25249667.578528382,-7250968.954582152,4026245.1858433555,21545769.451348774,37.1,4434367.56312122,3093908.032722048,3371833.1623604307,32.120823643418944,34.90391409290429,88.7317505767569
G16,2024-05-06 18:25:43.417842+00:00,1669885.2793713398,24117694.09928842,-10801666.785965726,23797870.846155938,28.5,4434367.56312122,3093908.032722048,3371833.1623604307,32.120823643418944,34.90391409290429,88.7317505767569
G17,2024-05-06 18:25:43.417842+00:00,21190682.002872296,-13392336.31423147,9433958.290864894,22568242.037570838,39.9,4434367.56312122,3093908.032722048,3371833.1623604307,32.120823643418944,34.90391409290429,88.7317505767569
G19,2024-05-06 18:25:43.417842+00:00,13876043.425315518,-15271571.917467466,16319667.010616252,22666164.518803723,33.7,4434367.56312122,3093908.032722048,3371833.1623604307,32.120823643418944,34.90391409290429,88.7317505767569
G26,2024-05-06 18:25:43.417842+00:00,-4224876.659532195,25846323.31642346,2851945.3566389172,22642381.767793015,39.5,4434367.56312122,3093908.032722048,3371833.1623604307,32.120823643418944,34.90391409290429,88.7317505767569
G28,2024-05-06 18:25:43.417842+00:00,-7146875.715004178,13572847.740258168,21670232.6173508,22349872.934535727,41.2,4434367.56312122,3093908.032722048,3371833.1623604307,32.120823643418944,34.90391409290429,88.7317505767569
G31,2024-05-06 18:25:43.417842+00:00,2809085.8136961525,19064211.105115652,17891743.469627135,19937672.551550675,44.2,4434367.56312122,3093908.032722048,3371833.1623604307,32.120823643418944,34.90391409290429,88.7317505767569
G02,2024-05-06 18:25:44.417842+00:00,22724679.988822892,13972598.57819195,1917083.8015535383,19623006.367853105,48.2,4434362.681317217,3093913.057320033,3371817.56797816,32.12070995199101,34.90398735868662,79.4843356916681
G03,2024-05-06 18:25:44.417842+00:00,12827721.763765223,9085686.29379831,21279177.669624053,18956894.962022647,39.1,4434362.681317217,3093913.057320033,3371817.56797816,32.12070995199101,34.90398735868662,79.4843356916681
G04,2024-05-06 18:25:44.417842+00:00,21659182.46493697,3649495.119063479,15047547.008493764,19108827.810487676,38.3,4434362.681317217,3093913.057320033,3371817.56797816,32.12070995199101,34.90398735868662,79.4843356916681
G09,2024-05-06 18:25:44.417842+00:00,25249292.46733903,-7250510.257505121,4029355.860386747,21545305.07907154,37.2,4434362.681317217,3093913.057320033,3371817.56797816,32.12070995199101,34.90398735868662,79.4843356916681
G16,2024-05-06 18:25:44.417842+00:00,1669299.934717184,24118925.48487805,-10798878.357994076,23797366.598870117,34.3,4434362.681317217,3093913.057320033,3371817.56797816,32.12070995199101,34.90398735868662,79.4843356916681
G17,2024-05-06 18:25:44.417842+00:00,21191825.69514379,-13392472.888203975,9431081.293506555,22568405.423209723,38.8,4434362.681317217,3093913.057320033,3371817.56797816,32.12070995199101,34.90398735868662,79.4843356916681
G19,2024-05-06 18:25:44.417842+00:00,13878144.53632111,-15271918.997882888,16317541.22324974,22666129.14881424,34.2,4434362.681317217,3093913.057320033,3371817.56797816,32.12070995199101,34.90398735868662,79.4843356916681
G26,2024-05-06 18:25:44.417842+00:00,-4225247.521370599,25845906.113839928,2855050.3015447343,22642055.586687062,42.0,4434362.681317217,3093913.057320033,3371817.56797816,32.12070995199101,34.90398735868662,79.4843356916681
G28,2024-05-06 18:25:44.417842+00:00,-7149081.891593216,13571198.396953385,21670537.399889886,22350438.342994284,41.7,4434362.681317217,3093913.057320033,3371817.56797816,32.12070995199101,34.90398735868662,79.4843356916681
G31,2024-05-06 18:25:44.417842+00:00,2807184.9180236636,19062846.71674232,17893513.77131665,19937994.228898574,44.3,4434362.681317217,3093913.057320033,3371817.56797816,32.12070995199101,34.90398735868662,79.4843356916681
G02,2024-05-06 18:25:45.417842+00:00,22724698.637187026,13972895.272270821,1913924.2364839935,19623391.29549198,48.2,4434361.005565345,3093910.3002021704,3371824.263401203,32.12077524272561,34.903973559048254,80.5442462572828
G03,2024-05-06 18:25:45.417842+00:00,12827227.55778496,9088370.019201392,21278347.524062358,18956751.963486783,42.4,4434361.005565345,3093910.3002021704,3371824.263401203,32.12077524272561,34.903973559048254,80.5442462572828
G04,2024-05-06 18:25:45.417842+00:00,21657442.941513706,3650285.558047712,15049848.49080833,19108703.105062786,38.7,4434361.005565345,3093910.3002021704,3371824.263401203,32.12077524272561,34.903973559048254,80.5442462572828
G09,2024-05-06 18:25:45.417842+00:00,25248917.021166995,-7250051.390313506,4032466.449130668,21544861.68195603,39.2,4434361.005565345,3093910.3002021704,3371824.263401203,32.12077524272561,34.903973559048254,80.5442462572828
G16,2024-05-06 18:25:45.417842+00:00,1668714.74275635,24120156.566039268,-10796089.698537707,23796907.617449116,31.7,4434361.005565345,3093910.3002021704,3371824.263401203,32.12077524272561,34.903973559048254,80.5442462572828
G17,2024-05-06 18:25:45.417842+00:00,21192969.040515028,-13392609.422332361,9428204.100572689,22568580.20384079,39.7,4434361.005565345,3093910.3002021704,3371824.263401203,32.12077524272561,34.903973559048254,80.5442462572828
G19,2024-05-06 18:25:45.417842+00:00,13880245.366972415,-15272266.131658666,16315415.078344546,22666055.100417137,34.4,4434361.005565345,3093910.3002021704,3371824.263401203,32.12077524272561,34.903973559048254,80.5442462572828
G26,2024-05-06 18:25:45.417842+00:00,-4225618.37442221,25845488.539253663,2858155.1841960563,22641728.515620008,43.6,4434361.005565345,3093910.3002021704,3371824.263401203,32.12077524272561,34.903973559048254,80.5442462572828
G28,2024-05-06 18:25:45.417842+00:00,-7151288.194344679,13569549.158712229,21670841.720872678,22351025.031993374,39.3,4434361.005565345,3093910.3002021704,3371824.263401203,32.12077524272561,34.903973559048254,80.5442462572828
G31,2024-05-06 18:25:45.417842+00:00,2805283.77674741,19061482.28912107,17895283.680713344,19938314.10887404,44.3,4434361.005565345,3093910.3002021704,3371824.263401203,32.12077524272561,34.903973559048254,80.5442462572828
G02,2024-05-06 18:25:46.417842+00:00,22724716.976136547,13973191.746813517,1910764.6314845663,19623772.340457406,48.9,4434395.23640521,3093941.6692486973,3371823.143510187,32.12054601816223,34.90403861243158,118.92671867460012
G03,2024-05-06 18:25:46.417842+00:00,12826733.5353399,9091053.669377867,21277516.920456998,18956610.76232335,41.3,4434395.23640521,3093941.6692486973,3371823.143510187,32.12054601816223,34.90403861243158,118.92671867460012
G04,2024-05-06 18:25:46.417842+00:00,21655703.191093754,3651076.193102983,15052149.65532997,19108565.198548175,40.3,4434395.23640521,3093941.6692486973,3371823.143510187,32.12054601816223,34.90403861243158,118.92671867460012
G06,2024-05-06 18:25:46.417842+00:00,4869330.166497625,-14542102.123633081,21730067.703329463,23753066.677067753,29.7,4434395.23640521,3093941.6692486973,3371823.143510187,32.12054601816223,34.90403861243158,118.92671867460012
G09,2024-05-06 18:25:46.417842+00:00,25248541.24000573,-7249592.352920584,4035576.95231359,21544409.900010902,40.6,4434395.23640521,3093941.6692486973,3371823.143510187,32.12054601816223,34.90403861243158,118.92671867460012
G16,2024-05-06 18:25:46.417842+00:00,1668129.703341931,24121387.34296199,-10793300.807122571,23796436.647728525,32.6,4434395.23640521,3093941.6692486973,3371823.143510187,32.12054601816223,34.90403861243158,118.92671867460012
G17,2024-05-06 18:25:46.417842+00:00,21194112.039072827,-13392745.916574694,9425326.711868893,22568739.99473482,40.3,4434395.23640521,3093941.6692486973,3371823.143510187,32.12054601816223,34.90403861243158,118.92671867460012
G19,2024-05-06 18:25:46.417842+00:00,13882345.9168,-15272613.318677254,16313288.576378463,22666003.239971887,34.1,4434395.23640521,3093941.6692486973,3371823.143510187,32.12054601816223,34.90403861243158,118.92671867460012
G26,2024-05-06 18:25:46.417842+00:00,-4225989.21872826,25845070.592676938,2861260.004469317,22641405.937984023,43.3,4434395.23640521,3093941.6692486973,3371823.143510187,32.12054601816223,34.90403861243158,118.92671867460012
G28,2024-05-06 18:25:46.417842+00:00,-7153494.6234419495,13567900.025404584,21671145.58032496,22351601.224686496,40.3,4434395.23640521,3093941.6692486973,3371823.143510187,32.12054601816223,34.90403861243158,118.92671867460012
G31,2024-05-06 18:25:46.417842+00:00,2803382.3899351414,19060117.822340995,17897053.19774004,19938638.787659388,42.9,4434395.23640521,3093941.6692486973,3371823.143510187,32.12054601816223,34.90403861243158,118.92671867460012
G02,2024-05-06 18:25:47.417842+00:00,22724735.005635742,13973488.001851391,1907604.986699548,19624156.971442573,47.5,4434363.014046581,3093914.5533286287,3371832.977842738,32.12082223245817,34.90399834207479,88.63394202012569
G03,2024-05-06 18:25:47.417842+00:00,12826239.696425524,9093737.244268471,21276685.858823303,18956470.17191754,43.5,4434363.014046581,3093914.5533286287,3371832.977842738,32.12082223245817,34.90399834207479,88.63394202012569
G04,2024-05-06 18:25:47.417842+00:00,21653963.21387911,3651867.0241835155,15054450.501816502,19108439.289058257,41.0,4434363.014046581,3093914.5533286287,3371832.977842738,32.12082223245817,34.90399834207479,88.63394202012569
G09,2024-05-06 18:25:47.417842+00:00,25248165.12389517,-7249133.145296672,4038687.369788595,21543957.51603326,39.4,4434363.014046581,3093914.5533286287,3371832.977842738,32.12082223245817,34.90399834207479,88.63394202012569
G16,2024-05-06 18:25:47.417842+00:00,1667544.8164809179,24122617.815512344,-10790511.684007986,23795975.275627695,31.9,4434363.014046581,3093914.5533286287,3371832.977842738,32.12082223245817,34.90399834207479,88.63394202012569
G17,2024-05-06 18:25:47.417842+00:00,21195254.690717626,-13392882.37086686,9422449.127669714,22568907.271772254,39.8,4434363.014046581,3093914.5533286287,3371832.977842738,32.12082223245817,34.90399834207479,88.63394202012569
G19,2024-05-06 18:25:47.417842+00:00,13884446.185872387,-15272960.558910027,16311161.717284964,22665957.67033014,35.8,4434363.014046581,3093914.5533286287,3371832.977842738,32.12082223245817,34.90399834207479,88.63394202012569
G26,2024-05-06 18:25:47.417842+00:00,-4226360.054348728,25844652.2741011,2864364.7623961144,22641078.256159347,37.9,4434363.014046581,3093914.5533286287,3371832.977842738,32.12082223245817,34.90399834207479,88.63394202012569
G28,2024-05-06 18:25:47.417842+00:00,-7155701.178860782,13566250.997055523,21671448.978243824,22352163.3350539,38.2,4434363.014046581,3093914.5533286287,3371832.977842738,32.12082223245817,34.90399834207479,88.63394202012569
G31,2024-05-06 18:25:47.417842+00:00,2801480.757561353,19058753.316424295,17898822.322406378,19938960.159628473,42.6,4434363.014046581,3093914.5533286287,3371832.977842738,32.12082223245817,34.90399834207479,88.63394202012569
G02,2024-05-06 18:25:48.417842+00:00,22724752.725649785,13973784.037429646,1904445.3021252335,19624538.609715402,46.5,4434385.012107873,3093947.125324538,3371814.585382752,32.120505890765,34.90414802077386,109.91888677421957
G03,2024-05-06 18:25:48.417842+00:00,12825746.041036356,9096420.743819458,21275854.33917488,18956328.3774467,41.3,4434385.012107873,3093947.125324538,3371814.585382752,32.120505890765,34.90414802077386,109.91888677421957
G04,2024-05-06 18:25:48.417842+00:00,21652223.00986819,3652658.0513358377,15056751.03029507,19108315.482319582,39.8,4434385.012107873,3093947.125324538,3371814.585382752,32.120505890765,34.90414802077386,109.91888677421957
G06,2024-05-06 18:25:48.417842+00:00,4873581.803384778,-14538648.279501753,21731451.06196459,23751723.592157476,27.6,4434385.012107873,3093947.125324538,3371814.585382752,32.120505890765,34.90414802077386,109.91888677421957
G09,2024-05-06 18:25:48.417842+00:00,25247788.672871575,-7248673.767407308,4041797.701439642,21543509.337558087,40.0,4434385.012107873,3093947.125324538,3371814.585382752,32.120505890765,34.90414802077386,109.91888677421957
G16,2024-05-06 18:25:48.417842+00:00,1666960.0820346046,24123847.983862907,-10787722.32875862,23795470.426309366,33.2,4434385.012107873,3093947.125324538,3371814.585382752,32.120505890765,34.90414802077386,109.91888677421957
G17,2024-05-06 18:25:48.417842+00:00,21196396.995487045,-13393018.785160977,9419571.34790467,22569068.563385013,41.7,4434385.012107873,3093947.125324538,3371814.585382752,32.120505890765,34.90414802077386,109.91888677421957
G19,2024-05-06 18:25:48.417842+00:00,13886546.17399751,-15273307.852285273,16309034.501261428,22665939.689482633,28.8,4434385.012107873,3093947.125324538,3371814.585382752,32.120505890765,34.90414802077386,109.91888677421957
G26,2024-05-06 18:25:48.417842+00:00,-4226730.881320752,25844233.583543103,2867469.4578183726,22640754.186529744,41.9,4434385.012107873,3093947.125324538,3371814.585382752,32.120505890765,34.90414802077386,109.91888677421957
G28,2024-05-06 18:25:48.417842+00:00,-7157907.860292591,13564602.073902614,21671751.914587334,22352746.420583025,38.0,4434385.012107873,3093947.125324538,3371814.585382752,32.120505890765,34.90414802077386,109.91888677421957
G31,2024-05-06 18:25:48.417842+00:00,2799578.87968639,19057388.771454655,17900591.05464222,19939283.6343488,44.2,4434385.012107873,3093947.125324538,3371814.585382752,32.120505890765,34.90414802077386,109.91888677421957
G02,2024-05-06 18:25:49.417842+00:00,22724770.136143055,13974079.853580521,1901285.5778966295,19624923.84273309,43.6,4434369.415861198,3093930.318409035,3371827.14869745,32.12070928446177,34.9040965293775,97.62111537903547
G03,2024-05-06 18:25:49.417842+00:00,12825252.569166856,9099104.167977016,21275022.361525375,18956183.581538413,42.0,4434369.415861198,3093930.318409035,3371827.14869745,32.12070928446177,34.9040965293775,97.62111537903547
G04,2024-05-06 18:25:49.417842+00:00,21650482.5791115,3653449.274582942,15059051.240723914,19108192.86219571,39.5,4434369.415861198,3093930.318409035,3371827.14869745,32.12070928446177,34.9040965293775,97.62111537903547
G09,2024-05-06 18:25:49.417842+00:00,25247411.886954986,-7248214.21919839,4044907.947284762,21543057.250234146,40.9,4434369.415861198,3093930.318409035,3371827.14869745,32.12070928446177,34.9040965293775,97.62111537903547
G16,2024-05-06 18:25:49.417842+00:00,1666375.5001590503,24125077.84756615,-10784932.74234524,23795020.143821906,31.5,4434369.415861198,3093930.318409035,3371827.14869745,32.12070928446177,34.9040965293775,97.62111537903547
G17,2024-05-06 18:25:49.417842+00:00,21197538.953322776,-13393155.159397833,9416693.372744642,22569235.54376875,41.2,4434369.415861198,3093930.318409035,3371827.14869745,32.12070928446177,34.9040965293775,97.62111537903547
G19,2024-05-06 18:25:49.417842+00:00,13888645.88157149,-15273655.198828533,16306906.927909302,22665886.624972362,30.7,4434369.415861198,3093930.318409035,3371827.14869745,32.12070928446177,34.9040965293775,97.62111537903547
G26,2024-05-06 18:25:49.417842+00:00,-4227101.69969908,25843814.521000158,2870574.090724405,22640428.310802605,46.0,4434369.415861198,3093930.318409035,3371827.14869745,32.12070928446177,34.9040965293775,97.62111537903547
G28,2024-05-06 18:25:49.417842+00:00,-7160114.667911695,13562953.255822496,21672054.38937991,22353319.925942615,41.3,4434369.415861198,3093930.318409035,3371827.14869745,32.12070928446177,34.9040965293775,97.62111537903547
G31,2024-05-06 18:25:49.417842+00:00,2797676.7563190367,19056024.18747888,17902359.394425265,19939606.51576172,45.2,4434369.415861198,3093930.318409035,3371827.14869745,32.12070928446177,34.9040965293775,97.62111537903547
G02,2024-05-06 18:25:50.417842+00:00,22724787.237080656,13974375.450348381,1898125.8140193683,19625306.981724642,45.4,4434376.79271847,3093936.272168965,3371830.1497721886,32.12068686218038,34.90410354079624,107.2258865935728
G03,2024-05-06 18:25:50.417842+00:00,12824759.280824848,9101787.51661482,21274189.92591091,18956042.083721276,41.5,4434376.79271847,3093936.272168965,3371830.1497721886,32.12068686218038,34.90410354079624,107.2258865935728
G04,2024-05-06 18:25:50.417842+00:00,21648741.921570968,3654240.6939880457,15061351.133178294,19108055.26105991,38.4,4434376.79271847,3093936.272168965,3371830.1497721886,32.12068686218038,34.90410354079624,107.2258865935728
G06,2024-05-06 18:25:50.417842+00:00,4877834.1385228485,-14535194.75292567,21732832.579034325,23750361.024079084,26.9,4434376.79271847,3093936.272168965,3371830.1497721886,32.12068686218038,34.90410354079624,107.2258865935728
G09,2024-05-06 18:25:50.417842+00:00,25247034.766176395,-7247754.500629194,4048018.10725137,21542601.87354416,40.8,4434376.79271847,3093936.272168965,3371830.1497721886,32.12068686218038,34.90410354079624,107.2258865935728
G16,2024-05-06 18:25:50.417842+00:00,1665791.0706793433,24126307.406870887,-10782142.924159609,23794552.768846173,33.1,4434376.79271847,3093936.272168965,3371830.1497721886,32.12068686218038,34.90410354079624,107.2258865935728
G17,2024-05-06 18:25:50.417842+00:00,21198680.56423505,-13393291.493526243,9413815.20218816,22569401.93084508,41.9,4434376.79271847,3093936.272168965,3371830.1497721886,32.12068686218038,34.90410354079624,107.2258865935728
G19,2024-05-06 18:25:50.417842+00:00,13890745.308362339,-15274002.598461477,16304778.997466303,22665825.47228617,31.8,4434376.79271847,3093936.272168965,3371830.1497721886,32.12068686218038,34.90410354079624,107.2258865935728
G26,2024-05-06 18:25:50.417842+00:00,-4227472.509533169,25843395.08647538,2873678.6610587877,22640099.433638014,45.3,4434376.79271847,3093936.272168965,3371830.1497721886,32.12068686218038,34.90410354079624,107.2258865935728
G28,2024-05-06 18:25:50.417842+00:00,-7162321.601601475,13561304.542909248,21672356.402606033,22353892.82054458,38.7,4434376.79271847,3093936.272168965,3371830.1497721886,32.12068686218038,34.90410354079624,107.2258865935728
G31,2024-05-06 18:25:50.417842+00:00,2795774.3874890665,19054659.564558692,17904127.34171388,19939929.388449527,43.6,4434376.79271847,3093936.272168965,3371830.1497721886,32.12068686218038,34.90410354079624,107.2258865935728
G02,2024-05-06 18:25:51.417842+00:00,22724804.028427258,13974670.827769604,1894966.010584317,19625690.417369895,44.4,4434369.656161071,3093932.6064074086,3371818.2252855594,32.12063390927302,34.90411495579201,94.15221026912332
G03,2024-05-06 18:25:51.417842+00:00,12824266.176003302,9104470.789687093,21273357.032342672,18955901.187936652,42.6,4434369.656161071,3093932.6064074086,3371818.2252855594,32.12063390927302,34.90411495579201,94.15221026912332
G04,2024-05-06 18:25:51.417842+00:00,21647001.037518237,3655032.309473482,15063650.707324302,19107939.847875964,37.2,4434369.656161071,3093932.6064074086,3371818.2252855594,32.12063390927302,34.90411495579201,94.15221026912332
G06,2024-05-06 18:25:51.417842+00:00,4879960.567536225,-14533468.109086737,21733522.64685386,23749712.864915714,29.2,4434369.656161071,3093932.6064074086,3371818.2252855594,32.12063390927302,34.90411495579201,94.15221026912332
G09,2024-05-06 18:25:51.417842+00:00,25246657.310581144,-7247294.611676402,4051128.181149024,21542155.18706261,38.2,4434369.656161071,3093932.6064074086,3371818.2252855594,32.12063390927302,34.90411495579201,94.15221026912332
G16,2024-05-06 18:25:51.417842+00:00,1665206.7935486082,24127536.66175645,-10779352.874204416,23794062.30723237,35.3,4434369.656161071,3093932.6064074086,3371818.2252855594,32.12063390927302,34.90411495579201,94.15221026912332
G17,2024-05-06 18:25:51.417842+00:00,21199821.828207828,-13393427.787492063,9410936.836299753,22569568.317921415,40.0,4434369.656161071,3093932.6064074086,3371818.2252855594,32.12063390927302,34.90411495579201,94.15221026912332
G19,2024-05-06 18:25:51.417842+00:00,13892844.454379728,-15274350.051145729,16302650.709925363,22665748.72783043,33.8,4434369.656161071,3093932.6064074086,3371818.2252855594,32.12063390927302,34.90411495579201,94.15221026912332
G26,2024-05-06 18:25:51.417842+00:00,-4227843.310859177,25842975.279987022,2876783.168654334,22639777.15265573,44.7,4434369.656161071,3093932.6064074086,3371818.2252855594,32.12063390927302,34.90411495579201,94.15221026912332
G28,2024-05-06 18:25:51.417842+00:00,-7164528.66127146,13559655.935237328,21672657.95425381,22354470.51395643,41.3,4434369.656161071,3093932.6064074086,3371818.2252855594,32.12063390927302,34.90411495579201,94.15221026912332
G31,2024-05-06 18:25:51.417842+00:00,2793871.7732339753,19053294.902761426,17905894.896459177,19940254.067234874,42.9,4434369.656161071,3093932.6064074086,3371818.2252855594,32.12063390927302,34.90411495579201,94.15221026912332
G02,2024-05-06 18:25:52.417842+00:00,22724820.5101478,13974965.985886227,1891806.167622356,19626070.86030281,46.4,4434363.762086171,3093925.9432588583,3371826.784956022,32.12074074266574,34.90409278887346,91.38046189304441
G03,2024-05-06 18:25:52.417842+00:00,12823773.254700154,9107153.987121198,21272523.68084017,18955761.19083824,42.4,4434363.762086171,3093925.9432588583,3371826.784956022,32.12074074266574,34.90409278887346,91.38046189304441
G04,2024-05-06 18:25:52.417842+00:00,21645259.926833335,3655824.121139695,15065949.963345472,19107816.33779099,37.6,4434363.762086171,3093925.9432588583,3371826.784956022,32.12074074266574,34.90409278887346,91.38046189304441
G06,2024-05-06 18:25:52.417842+00:00,4882087.171144155,-14531741.544660259,21734212.254294153,23749036.226996988,31.4,4434363.762086171,3093925.9432588583,3371826.784956022,32.12074074266574,34.90409278887346,91.38046189304441
G09,2024-05-06 18:25:52.417842+00:00,25246279.52018665,-7246834.552282708,4054238.1690173023,21541706.999862332,38.9,4434363.762086171,3093925.9432588583,3371826.784956022,32.12074074266574,34.90409278887346,91.38046189304441
G16,2024-05-06 18:25:52.417842+00:00,1664622.668843316,24128765.611942828,-10776562.593071219,23793606.030595116,31.1,4434363.762086171,3093925.9432588583,3371826.784956022,32.12074074266574,34.90409278887346,91.38046189304441
G17,2024-05-06 18:25:52.417842+00:00,21200962.74522966,-13393564.041241556,9408058.275132501,22569734.102965236,37.5,4434363.762086171,3093925.9432588583,3371826.784956022,32.12074074266574,34.90409278887346,91.38046189304441
G19,2024-05-06 18:25:52.417842+00:00,13894943.319389833,-15274697.556802602,16300522.065526307,22665683.66629546,33.5,4434363.762086171,3093925.9432588583,3371826.784956022,32.12074074266574,34.90409278887346,91.38046189304441
G26,2024-05-06 18:25:52.417842+00:00,-4228214.103733923,25842555.101529848,2879887.6135176946,22639454.27836604,43.8,4434363.762086171,3093925.9432588583,3371826.784956022,32.12074074266574,34.90409278887346,91.38046189304441
G28,2024-05-06 18:25:52.417842+00:00,-7166735.846974851,13558007.432773931,21672959.044330973,22355038.91512733,42.9,4434363.762086171,3093925.9432588583,3371826.784956022,32.12074074266574,34.90409278887346,91.38046189304441
G31,2024-05-06 18:25:52.417842+00:00,2791968.9135530554,19051930.202126987,17907662.05864777,19940576.346615285,45.0,4434363.762086171,3093925.9432588583,3371826.784956022,32.12074074266574,34.90409278887346,91.38046189304441
G02,2024-05-06 18:25:53.417842+00:00,22724836.682206806,13975260.924730442,1888646.285268551,19626454.897980582,44.5,4434369.592771855,3093936.515701219,3371829.527886885,32.12070975676535,34.90414931314625,102.01233522035182
G03,2024-05-06 18:25:53.417842+00:00,12823280.516909322,9109837.108866014,21271689.87141625,18955619.998399917,42.9,4434369.592771855,3093936.515701219,3371829.527886885,32.12070975676535,34.90414931314625,102.01233522035182
G04,2024-05-06 18:25:53.417842+00:00,21643518.58957025,3656616.129008053,15068248.901195385,19107684.42542617,38.2,4434369.592771855,3093936.515701219,3371829.527886885,32.12070975676535,34.90414931314625,102.01233522035182
G06,2024-05-06 18:25:53.417842+00:00,4884213.948869724,-14530015.060049918,21734901.401201148,23748391.967957284,27.6,4434369.592771855,3093936.515701219,3371829.527886885,32.12070975676535,34.90414931314625,102.01233522035182
G09,2024-05-06 18:25:53.417842+00:00,25245901.395021714,-7246374.322404526,4057348.0708024506,21541256.11660341,41.1,4434369.592771855,3093936.515701219,3371829.527886885,32.12070975676535,34.90414931314625,102.01233522035182
G16,2024-05-06 18:25:53.417842+00:00,1664038.696440558,24129994.25756929,-10773772.08039986,23793138.952273082,30.2,4434369.592771855,3093936.515701219,3371829.527886885,32.12070975676535,34.90414931314625,102.01233522035182
G17,2024-05-06 18:25:53.417842+00:00,21202103.315274313,-13393700.254719254,9405179.518776909,22569902.584067702,39.3,4434369.592771855,3093936.515701219,3371829.527886885,32.12070975676535,34.90414931314625,102.01233522035182
G19,2024-05-06 18:25:53.417842+00:00,13897041.903272068,-15275045.115372105,16298393.064394373,22665641.40346997,33.3,4434369.592771855,3093936.515701219,3371829.527886885,32.12070975676535,34.90414931314625,102.01233522035182
G26,2024-05-06 18:25:53.417842+00:00,-4228584.888218428,25842134.55109396,2882991.995689858,22639120.30573787,43.8,4434369.592771855,3093936.515701219,3371829.527886885,32.12070975676535,34.90414931314625,102.01233522035182
G28,2024-05-06 18:25:53.417842+00:00,-7168943.158541761,13556359.035652809,21673259.672814805,22355614.217859346,44.0,4434369.592771855,3093936.515701219,3371829.527886885,32.12070975676535,34.90414931314625,102.01233522035182
G31,2024-05-06 18:25:53.417842+00:00,2790065.8084875084,19050565.462725334,17909428.8282274,19940898.61727058,45.5,4434369.592771855,3093936.515701219,3371829.527886885,32.12070975676535,34.90414931314625,102.01233522035182
G02,2024-05-06 18:25:54.417842+00:00,22724852.544569097,13975555.64434199,1885486.363579043,19626841.63171699,44.0,4434347.394706976,3093919.8234661934,3371820.075349129,32.120770650272064,34.904138847692124,73.47878390643746
G03,2024-05-06 18:25:54.417842+00:00,12822787.962619329,9112520.154899977,21270855.60407455,18955472.20105418,43.7,4434347.394706976,3093919.8234661934,3371820.075349129,32.120770650272064,34.904138847692124,73.47878390643746
G04,2024-05-06 18:25:54.417842+00:00,21641777.025879003,3657408.333056123,15070547.520701012,19107560.313308682,39.6,4434347.394706976,3093919.8234661934,3371820.075349129,32.120770650272064,34.904138847692124,73.47878390643746
G09,2024-05-06 18:25:54.417842+00:00,25245522.93511923,-7245913.922003482,4060457.8864165912,21540804.631311983,39.4,4434347.394706976,3093919.8234661934,3371820.075349129,32.120770650272064,34.904138847692124,73.47878390643746
G16,2024-05-06 18:25:54.417842+00:00,1663454.8762579141,24131222.59869004,-10770981.33602298,23792636.8077385,27.2,4434347.394706976,3093919.8234661934,3371820.075349129,32.120770650272064,34.904138847692124,73.47878390643746
G17,2024-05-06 18:25:54.417842+00:00,21203243.538353123,-13393836.42787426,9402300.567228498,22570067.1650465,38.7,4434347.394706976,3093919.8234661934,3371820.075349129,32.120770650272064,34.904138847692124,73.47878390643746
G19,2024-05-06 18:25:54.417842+00:00,13899140.206254462,-15275392.726852033,16296263.706300998,22665583.243496116,37.2,4434347.394706976,3093919.8234661934,3371820.075349129,32.120770650272064,34.904138847692124,73.47878390643746
G26,2024-05-06 18:25:54.417842+00:00,-4228955.66432878,25841713.628720395,2886096.3148359507,22638801.026193034,42.8,4434347.394706976,3093919.8234661934,3371820.075349129,32.120770650272064,34.904138847692124,73.47878390643746
G28,2024-05-06 18:25:54.417842+00:00,-7171150.595979037,13554710.743875718,21673559.839706752,22356188.61318004,44.5,4434347.394706976,3093919.8234661934,3371820.075349129,32.120770650272064,34.904138847692124,73.47878390643746
G31,2024-05-06 18:25:54.417842+00:00,2788162.458059706,19049200.68461284,17911195.205163352,19941220.29461848,46.6,4434347.394706976,3093919.8234661934,3371820.075349129,32.120770650272064,34.904138847692124,73.47878390643746
G02,2024-05-06 18:25:55.417842+00:00,22724868.097199794,13975850.144764347,1882326.402568854,19627226.26270216,44.2,4434361.913363498,3093929.3490727968,3371832.331966206,32.12078103351989,34.904133596057974,94.69627491757274
G03,2024-05-06 18:25:55.417842+00:00,12822295.59185861,9115203.124983989,21270020.878886394,18955336.706111945,44.4,4434361.913363498,3093929.3490727968,3371832.331966206,32.12078103351989,34.904133596057974,94.69627491757274
G04,2024-05-06 18:25:55.417842+00:00,21640035.235737048,3658200.733340095,15072845.821917033,19107430.51242021,36.8,4434361.913363498,3093929.3490727968,3371832.331966206,32.12078103351989,34.904133596057974,94.69627491757274
G06,2024-05-06 18:25:55.417842+00:00,4888468.027537131,-14526562.329642594,21736278.31369748,23747053.38520318,25.3,4434361.913363498,3093929.3490727968,3371832.331966206,32.12078103351989,34.904133596057974,94.69627491757274
G09,2024-05-06 18:25:55.417842+00:00,25245144.14052048,-7245453.351051239,4063567.6157033527,21540361.242921583,36.8,4434361.913363498,3093929.3490727968,3371832.331966206,32.12078103351989,34.904133596057974,94.69627491757274
G16,2024-05-06 18:25:55.417842+00:00,1662871.208447528,24132450.634865742,-10768190.360894768,23792195.80876688,30.6,4434361.913363498,3093929.3490727968,3371832.331966206,32.12078103351989,34.904133596057974,94.69627491757274
G17,2024-05-06 18:25:55.417842+00:00,21204383.414448947,-13393972.560652155,9399421.420554817,22570228.753312957,39.9,4434361.913363498,3093929.3490727968,3371832.331966206,32.12078103351989,34.904133596057974,94.69627491757274
G19,2024-05-06 18:25:55.417842+00:00,13901238.228159871,-15275740.391173026,16294133.991428755,22665528.38161342,37.5,4434361.913363498,3093929.3490727968,3371832.331966206,32.12078103351989,34.904133596057974,94.69627491757274
G26,2024-05-06 18:25:55.417842+00:00,-4229326.432137863,25841292.334385812,2889200.571096255,22638476.345805813,42.4,4434361.913363498,3093929.3490727968,3371832.331966206,32.12078103351989,34.904133596057974,94.69627491757274
G28,2024-05-06 18:25:55.417842+00:00,-7173358.159205094,13553062.557510443,21673859.544996183,22356766.306591887,45.9,4434361.913363498,3093929.3490727968,3371832.331966206,32.12078103351989,34.904133596057974,94.69627491757274
G31,2024-05-06 18:25:55.417842+00:00,2786258.862326055,19047835.867870383,17912961.189389274,19941546.168743737,51.2,4434361.913363498,3093929.3490727968,3371832.331966206,32.12078103351989,34.904133596057974,94.69627491757274
G02,2024-05-06 18:25:56.417842+00:00,22724883.340063807,13976144.426038047,1879166.4022847414,19627607.002288777,44.7,4434355.330781651,3093915.550794983,3371838.7430158663,32.120893740617156,34.90405359702275,86.84610153082758
G03,2024-05-06 18:25:56.417842+00:00,12821803.40458656,9117886.019254874,21269185.695806168,18955190.40948493,45.6,4434355.330781651,3093915.550794983,3371838.7430158663,32.120893740617156,34.90405359702275,86.84610153082758
G04,2024-05-06 18:25:56.417842+00:00,21638293.21932907,3658993.3298218036,15075143.804624798,19107317.193262395,36.9,4434355.330781651,3093915.550794983,3371838.7430158663,32.120893740617156,34.90405359702275,86.84610153082758
G09,2024-05-06 18:25:56.417842+00:00,25244765.011223562,-7244992.60946703,4066677.2588609355,21539900.465389207,36.7,4434355.330781651,3093915.550794983,3371838.7430158663,32.120893740617156,34.90405359702275,86.84610153082758
G16,2024-05-06 18:25:56.417842+00:00,1662287.692824765,24133678.36636559,-10765399.154359603,23791739.235475924,27.9,4434355.330781651,3093915.550794983,3371838.7430158663,32.120893740617156,34.90405359702275,86.84610153082758
G17,2024-05-06 18:25:56.417842+00:00,21205522.943546988,-13394108.652998824,9396542.07881756,22570387.64552077,36.2,4434355.330781651,3093915.550794983,3371838.7430158663,32.120893740617156,34.90405359702275,86.84610153082758
G19,2024-05-06 18:25:56.417842+00:00,13903335.968920283,-15276088.10828378,16292003.919849506,22665480.42129184,38.2,4434355.330781651,3093915.550794983,3371838.7430158663,32.120893740617156,34.90405359702275,86.84610153082758
G26,2024-05-06 18:25:56.417842+00:00,-4229697.191672478,25840870.668119147,2892304.7642259016,22638163.36578958,43.1,4434355.330781651,3093915.550794983,3371838.7430158663,32.120893740617156,34.90405359702275,86.84610153082758
G28,2024-05-06 18:25:56.417842+00:00,-7175565.848208984,13551414.476572,21674158.788682107,22357341.9059776,45.5,4434355.330781651,3093915.550794983,3371838.7430158663,32.120893740617156,34.90405359702275,86.84610153082758
G31,2024-05-06 18:25:56.417842+00:00,2784355.021278426,19046471.012532458,17914726.780898776,19941870.847529083,47.8,4434355.330781651,3093915.550794983,3371838.7430158663,32.120893740617156,34.90405359702275,86.84610153082758
G02,2024-05-06 18:25:57.417842+00:00,22724898.273125924,13976438.488200396,1876006.36280806,19627985.342470452,39.4,4434382.619177107,3093941.2244260637,3371852.5386898303,32.12082135886379,34.9041112494616,125.57706161681563
G03,2024-05-06 18:25:57.417842+00:00,12821311.400825683,9120568.837505773,21268350.054895207,18955048.61501409,47.9,4434382.619177107,3093941.2244260637,3371852.5386898303,32.12082135886379,34.9041112494616,125.57706161681563
G04,2024-05-06 18:25:57.417842+00:00,21636550.97644966,3659786.122640496,15077441.469120182,19107175.38662412,40.8,4434382.619177107,3093941.2244260637,3371852.5386898303,32.12082135886379,34.9041112494616,125.57706161681563
G06,2024-05-06 18:25:57.417842+00:00,4892722.802846749,-14523109.918557663,21737653.384123903,23745743.577858128,30.7,4434382.619177107,3093941.2244260637,3371852.5386898303,32.12082135886379,34.9041112494616,125.57706161681563
G09,2024-05-06 18:25:57.417842+00:00,25244385.54728494,-7244531.6972409375,4069786.8156086113,21539442.985947985,46.4,4434382.619177107,3093941.2244260637,3371852.5386898303,32.12082135886379,34.9041112494616,125.57706161681563
G16,2024-05-06 18:25:57.417842+00:00,1661704.329416155,24134905.793014396,-10762607.71677166,23791298.838536814,28.4,4434382.619177107,3093941.2244260637,3371852.5386898303,32.12082135886379,34.9041112494616,125.57706161681563
G17,2024-05-06 18:25:57.417842+00:00,21206662.125590295,-13394244.704855137,9393662.542184949,22570555.227937017,44.0,4434382.619177107,3093941.2244260637,3371852.5386898303,32.12082135886379,34.9041112494616,125.57706161681563
G19,2024-05-06 18:25:57.417842+00:00,13905433.428419672,-15276435.878125023,16289873.491684021,22665449.841387127,37.5,4434382.619177107,3093941.2244260637,3371852.5386898303,32.12082135886379,34.9041112494616,125.57706161681563
G26,2024-05-06 18:25:57.417842+00:00,-4230067.943028881,25840448.62987041,2895408.894560842,22637823.093632806,41.7,4434382.619177107,3093941.2244260637,3371852.5386898303,32.12082135886379,34.9041112494616,125.57706161681563
G28,2024-05-06 18:25:57.417842+00:00,-7177773.662942312,13549766.501103364,21674457.570758417,22357915.10595838,46.9,4434382.619177107,3093941.2244260637,3371852.5386898303,32.12082135886379,34.9041112494616,125.57706161681563
G31,2024-05-06 18:25:57.417842+00:00,2782450.9349656207,19045106.118674446,17916491.979632623,19942197.916994262,50.4,4434382.619177107,3093941.2244260637,3371852.5386898303,32.12082135886379,34.9041112494616,125.57706161681563
G02,2024-05-06 18:25:58.417842+00:00,22724912.896351065,13976732.33129201,1872846.284185481,19628359.485874765,40.2,4434365.075010829,3093935.8258913085,3371821.590835094,32.12066879516178,34.9041707114096,94.31994647160172
G03,2024-05-06 18:25:58.417842+00:00,12820819.580566393,9123251.579704385,21267513.95616054,18954907.117196955,48.8,4434365.075010829,3093935.8258913085,3371821.590835094,32.12066879516178,34.9041707114096,94.31994647160172
G04,2024-05-06 18:25:58.417842+00:00,21634808.50739339,3660579.11170807,15079738.81503959,19107046.17904305,41.7,4434365.075010829,3093935.8258913085,3371821.590835094,32.12066879516178,34.9041707114096,94.31994647160172
G06,2024-05-06 18:25:58.417842+00:00,4894850.451983399,-14521383.832606621,21738340.228640243,23745049.559522532,31.3,4434365.075010829,3093935.8258913085,3371821.590835094,32.12066879516178,34.9041707114096,94.31994647160172
G09,2024-05-06 18:25:58.417842+00:00,25244005.74873722,-7244070.614334099,4072896.2858616025,21538990.60197034,48.5,4434365.075010829,3093935.8258913085,3371821.590835094,32.12066879516178,34.9041707114096,94.31994647160172
G16,2024-05-06 18:25:58.417842+00:00,1661121.1179491822,24136132.91526639,-10759816.04705347,23790752.623477332,27.7,4434365.075010829,3093935.8258913085,3371821.590835094,32.12066879516178,34.9041707114096,94.31994647160172
G17,2024-05-06 18:25:58.417842+00:00,21207800.960594833,-13394380.716170654,9390782.810641073,22570723.709039483,42.4,4434365.075010829,3093935.8258913085,3371821.590835094,32.12066879516178,34.9041707114096,94.31994647160172
G19,2024-05-06 18:25:58.417842+00:00,13907530.60686053,-15276783.700690346,16287742.70672938,22665401.575686734,39.0,4434365.075010829,3093935.8258913085,3371821.590835094,32.12066879516178,34.9041707114096,94.31994647160172
G26,2024-05-06 18:25:58.417842+00:00,-4230438.686190102,25840026.219718393,2898512.9614898693,22637508.010865342,37.3,4434365.075010829,3093935.8258913085,3371821.590835094,32.12066879516178,34.9041707114096,94.31994647160172
G28,2024-05-06 18:25:58.417842+00:00,-7179981.6033191215,13548118.631175533,21674755.891213965,22358490.69661899,43.7,4434365.075010829,3093935.8258913085,3371821.590835094,32.12066879516178,34.9041707114096,94.31994647160172
G31,2024-05-06 18:25:58.417842+00:00,2780546.603351009,19043741.18631041,17918256.785610832,19942517.500316028,50.6,4434365.075010829,3093935.8258913085,3371821.590835094,32.12066879516178,34.9041707114096,94.31994647160172
G02,2024-05-06 18:25:59.417842+00:00,22724927.209702566,13977025.955319338,1869686.1668302661,19628762.413413234,42.6,4434361.433002111,3093924.612545696,3371828.0398701546,32.12076313682628,34.904095346664405,89.78509430866688
G03,2024-05-06 18:25:59.417842+00:00,12820327.943803554,9125934.24579418,21266677.399616733,18954764.424039908,50.1,4434361.433002111,3093924.612545696,3371828.0398701546,32.12076313682628,34.904095346664405,89.78509430866688
G04,2024-05-06 18:25:59.417842+00:00,21633065.8120907,3661372.2971019996,15082035.84249972,19106907.984599847,40.0,4434361.433002111,3093924.612545696,3371828.0398701546,32.12076313682628,34.904095346664405,89.78509430866688
G09,2024-05-06 18:25:59.417842+00:00,25243625.61560925,-7243609.360703074,4076005.669566161,21538542.11811636,48.2,4434361.433002111,3093924.612545696,3371828.0398701546,32.12076313682628,34.904095346664405,89.78509430866688
G17,2024-05-06 18:25:59.417842+00:00,21208939.44856398,-13394516.686893508,9387902.884201592,22570888.59539709,40.6,4434361.433002111,3093924.612545696,3371828.0398701546,32.12076313682628,34.904095346664405,89.78509430866688
G19,2024-05-06 18:25:59.417842+00:00,13909627.504229452,-15277131.575937461,16285611.565001968,22665331.427413296,40.2,4434361.433002111,3093924.612545696,3371828.0398701546,32.12076313682628,34.904095346664405,89.78509430866688
G26,2024-05-06 18:25:59.417842+00:00,-4230809.421213447,25839603.437657524,2901616.9650229113,22637210.61389355,34.4,4434361.433002111,3093924.612545696,3371828.0398701546,32.12076313682628,34.904095346664405,89.78509430866688
G28,2024-05-06 18:25:59.417842+00:00,-7182189.669299655,13546470.866824983,21675053.750043865,22359067.19469092,47.8,4434361.433002111,3093924.612545696,3371828.0398701546,32.12076313682628,34.904095346664405,89.78509430866688
G31,2024-05-06 18:25:59.417842+00:00,2778642.0265406417,19042376.21555668,17920021.19872122,19942842.179101374,50.8,4434361.433002111,3093924.612545696,3371828.0398701546,32.12076313682628,34.904095346664405,89.78509430866688
